organization_id,facility_name,location,date,electricity_consumption_kwh,renewable_energy_kwh,grid_emission_factor_kgco2_per_kwh,electricity_cost_inr,fuel_type,fuel_consumed_liters,fuel_emission_factor_kgco2_per_liter,generator_runtime_hours,vehicle_id,distance_travelled_km,vehicle_fuel_consumed_liters,occupancy_rate_percent,product_output_units,machine_runtime_hours,equipment_power_rating_kw,temperature_celsius,humidity_percent,weather_condition,occupancy_count,working_hours_per_day,supplier_name,purchase_category,spend_amount_inr,category_emission_factor_kgco2_per_inr,scope_1_emissions_tco2e,scope_2_emissions_tco2e,scope_3_emissions_tco2e,total_emissions_tco2e,emission_intensity_tco2e_per_unit,recommendation_id,action_type,expected_reduction_tco2e,implementation_cost_inr,roi_months,priority_level,predicted_emission_next_month_tco2e
ORG001,Bengaluru Lab,"Bengaluru, IN",2024-04-12,4271.69,44.9,0.723,43793.09,Diesel,5.32,2.68,0.01,VEH004,311.19,34.22,81.6,4320,22.39,75,37.0,81.3,Sunny,175,10,ABC Plastics,Packaging,30957.51,0.0006,0.10600000000000001,3.056,0.0186,3.1806,0.000736,,,0.0,0.0,,,3.5465
ORG001,Hyderabad Warehouse,"Hyderabad, IN",2024-12-14,2935.22,526.2,0.806,31222.34,Petrol,3.09,2.31,0.72,,0.0,0.0,62.7,0,5.57,15,32.1,29.0,Sunny,6,12,GreenSteel Co,Logistics,55187.79,0.0012,0.0071,1.9417,0.0662,2.015,0.0,,,0.0,0.0,,,2.0492
ORG001,Bengaluru Lab,"Bengaluru, IN",2024-09-27,3945.71,1327.72,0.832,32316.64,Petrol,0.43,2.31,1.69,,0.0,0.0,87.0,9112,2.66,100,24.9,52.4,Cloudy,91,8,GreenSteel Co,Raw material,72709.66,0.0008,0.001,2.1782,0.0582,2.2374,0.000246,,,0.0,0.0,,,2.4124
ORG001,Delhi Office,"Delhi, IN",2024-04-16,1154.19,430.03,0.814,11416.89,Diesel,40.34,2.68,4.86,VEH018,0.09,0.01,77.2,624,14.23,100,38.7,80.3,Rainy,41,8,ABC Plastics,Services,32708.24,0.0004,0.1081,0.5895,0.0131,0.7107,0.001139,REC_0003,Supplier change,0.1926,10415.81,10.0,Low,0.7944
ORG001,Pune HQ,"Pune, IN",2024-03-12,1382.53,154.68,0.891,14156.34,Natural Gas,4.24,2.06,1.07,,0.0,0.0,90.0,177,22.04,75,11.3,27.0,Humid,28,9,PackWise,Raw material,74133.17,0.0008,0.0087,1.094,0.0593,1.162,0.006565,,,0.0,0.0,,,1.2388
ORG001,Mumbai Plant,"Mumbai, IN",2024-07-07,7685.57,1600.82,0.949,73559.09,Diesel,0.0,2.68,0.0,VEH001,110.81,10.83,42.4,14901,13.56,45,24.7,42.6,Rainy,158,9,ABC Plastics,Logistics,62751.52,0.0012,0.029,5.7744,0.0753,5.8787,0.000395,REC_0005,Route optimization,0.4271,49283.06,5.0,Low,6.2039
ORG001,Pune HQ,"Pune, IN",2024-01-21,2460.82,522.48,0.856,20043.7,Diesel,6.89,2.68,2.12,VEH008,159.15,16.51,76.9,650,20.54,75,26.3,44.4,Sunny,38,8,ElectroParts,Services,16725.94,0.0004,0.0627,1.6592,0.0067,1.7286,0.002659,REC_0006,Route optimization,0.5409,104694.81,19.0,Low,1.8582
ORG001,Delhi Office,"Delhi, IN",2024-04-12,1235.87,33.08,0.749,8653.18,Diesel,0.0,2.68,0.0,,0.0,0.0,39.1,1478,20.84,75,28.7,50.5,Sunny,62,9,ABC Plastics,Services,19509.05,0.0004,0.0,0.9009,0.0078,0.9087,0.000615,,,0.0,0.0,,,0.9029
ORG001,Delhi Office,"Delhi, IN",2024-05-01,1108.31,108.13,0.878,12320.13,LPG,23.17,1.51,1.04,,0.0,0.0,76.8,440,17.57,45,22.5,61.0,Rainy,54,10,GreenSteel Co,Services,57116.93,0.0004,0.035,0.8782,0.0228,0.936,0.002127,,,0.0,0.0,,,0.9554
ORG001,Delhi Office,"Delhi, IN",2024-08-02,1314.18,123.61,0.847,12694.4,Diesel,0.0,2.68,0.0,VEH014,20.38,2.08,65.1,913,20.31,75,26.3,60.8,Sunny,15,8,GreenSteel Co,Electronics,13950.35,0.0015,0.0056,1.0084,0.0209,1.0349,0.001134,,,0.0,0.0,,,1.0732
ORG001,Delhi Office,"Delhi, IN",2024-11-26,2164.05,439.9,0.732,23529.64,Diesel,0.0,2.68,0.0,VEH019,114.05,10.43,42.0,1225,17.57,5,28.7,70.5,Rainy,17,8,LogiTrans,Raw material,4203.44,0.0008,0.028,1.2621,0.0034,1.2935,0.001056,,,0.0,0.0,,,1.4731
ORG001,Mumbai Plant,"Mumbai, IN",2024-03-28,7884.19,145.0,0.779,80725.04,Diesel,66.42,2.68,0.11,,0.0,0.0,64.0,17374,15.47,25,19.6,32.2,Sunny,160,9,GreenSteel Co,Electronics,30031.0,0.0015,0.178,6.0288,0.045,6.2518,0.00036,,,0.0,0.0,,,6.655
ORG001,Pune HQ,"Pune, IN",2024-04-09,3021.2,1681.71,0.856,24734.78,CNG,39.29,2.75,0.41,,0.0,0.0,90.6,790,13.94,100,24.7,84.0,Rainy,47,9,LogiTrans,Packaging,40840.47,0.0006,0.108,1.1466,0.0245,1.2791,0.001619,,,0.0,0.0,,,1.3982
ORG001,Hyderabad Warehouse,"Hyderabad, IN",2024-12-25,2312.66,354.35,0.869,21376.44,CNG,8.07,2.75,9.46,VEH005,150.59,14.69,69.5,996,12.3,45,27.2,27.2,Windy,11,8,GreenSteel Co,Packaging,34.2,0.0006,0.0616,1.7018,0.0,1.7634,0.00177,,,0.0,0.0,,,1.9869
ORG001,Delhi Office,"Delhi, IN",2024-05-31,1736.79,573.89,0.787,16222.21,Diesel,48.14,2.68,1.3,VEH004,160.54,16.55,77.8,413,0.12,75,22.9,68.4,Cloudy,60,9,ABC Plastics,Electronics,89424.26,0.0015,0.1734,0.9152,0.1341,1.2227,0.002961,,,0.0,0.0,,,1.3632
ORG001,Mumbai Plant,"Mumbai, IN",2024-05-10,6259.55,1999.69,0.801,63572.87,Diesel,20.78,2.68,5.32,VEH004,60.6,7.04,87.3,16783,23.07,15,25.8,69.6,Sunny,114,10,LogiTrans,Packaging,10006.77,0.0006,0.0746,3.4122,0.006,3.4928,0.000208,,,0.0,0.0,,,3.4531
ORG001,Hyderabad Warehouse,"Hyderabad, IN",2024-05-29,2619.44,359.43,0.752,23917.2,Petrol,25.48,2.31,6.59,,0.0,0.0,71.1,870,1.63,75,30.5,35.0,Rainy,7,8,ElectroParts,Packaging,75612.06,0.0006,0.0589,1.6995,0.0454,1.8038,0.002073,,,0.0,0.0,,,1.852
ORG001,Hyderabad Warehouse,"Hyderabad, IN",2024-11-04,2037.58,832.32,0.748,13980.71,Diesel,0.0,2.68,0.0,,0.0,0.0,44.4,897,15.71,75,24.6,77.1,Windy,64,12,ABC Plastics,Electronics,70399.11,0.0015,0.0,0.9015,0.1056,1.0071,0.001123,,,0.0,0.0,,,1.012
ORG001,Delhi Office,"Delhi, IN",2024-09-14,1098.72,99.17,0.838,10058.17,Petrol,0.0,2.31,0.0,,0.0,0.0,65.3,632,2.19,60,25.1,52.2,Cloudy,56,8,ElectroParts,Raw material,87476.05,0.0008,0.0,0.8376,0.07,0.9076,0.001436,,,0.0,0.0,,,0.8835
ORG001,Pune HQ,"Pune, IN",2024-12-09,2245.7,61.8,0.842,18651.85,Diesel,0.0,2.68,0.0,,0.0,0.0,94.0,752,16.33,45,20.9,53.8,Cloudy,55,10,PackWise,Raw material,78195.44,0.0008,0.0,1.8388,0.0626,1.9014,0.002528,REC_0019,Optimize HVAC,0.6579,83840.54,11.0,Medium,2.0735
ORG001,Mumbai Plant,"Mumbai, IN",2024-10-20,5683.27,1340.03,0.796,61323.34,Diesel,0.0,2.68,0.0,VEH018,193.54,17.87,32.7,16055,2.98,75,28.8,26.9,Humid,579,8,LogiTrans,Services,52955.92,0.0004,0.0479,3.4572,0.0212,3.5263,0.00022,,,0.0,0.0,,,3.6916
ORG001,Delhi Office,"Delhi, IN",2024-07-10,1709.76,232.11,0.84,20720.59,Petrol,5.79,2.31,3.12,,0.0,0.0,62.4,588,13.33,45,20.1,57.5,Cloudy,52,8,LogiTrans,Services,50953.35,0.0004,0.0134,1.2412,0.0204,1.275,0.002168,,,0.0,0.0,,,1.2632
ORG001,Bengaluru Lab,"Bengaluru, IN",2024-10-03,4489.85,450.88,0.858,47784.32,Natural Gas,93.66,2.06,1.01,,0.0,0.0,68.9,7799,23.81,45,34.8,79.7,Sunny,99,10,GreenSteel Co,Raw material,72479.07,0.0008,0.1929,3.4654,0.058,3.7163,0.000477,,,0.0,0.0,,,3.9778
ORG001,Mumbai Plant,"Mumbai, IN",2024-06-09,6565.42,1555.41,0.812,70741.67,Natural Gas,21.11,2.06,0.99,,0.0,0.0,46.8,15957,15.76,60,38.3,48.8,Sunny,266,8,ABC Plastics,Logistics,61128.35,0.0012,0.0435,4.0681,0.0734,4.185,0.000262,REC_0023,Policy,0.7727,14520.08,15.0,High,4.4678
ORG001,Bengaluru Lab,"Bengaluru, IN",2024-11-09,2766.41,746.63,0.924,27484.81,Petrol,52.47,2.31,0.24,VEH010,123.87,13.81,90.9,8197,7.59,15,27.5,60.1,Rainy,114,9,ABC Plastics,Logistics,17032.61,0.0012,0.1582,1.8663,0.0204,2.0449,0.000249,,,0.0,0.0,,,2.156
ORG001,Bengaluru Lab,"Bengaluru, IN",2024-01-22,3850.1,217.6,0.823,37133.09,Diesel,1.98,2.68,0.53,,0.0,0.0,46.6,7451,15.88,60,28.9,54.8,Cloudy,82,10,ABC Plastics,Electronics,25948.83,0.0015,0.0053,2.9895,0.0389,3.0337,0.000407,REC_0025,Retrofit,0.7792,6933.58,17.0,Medium,3.121
ORG001,Hyderabad Warehouse,"Hyderabad, IN",2024-09-09,1343.16,656.29,0.867,12337.81,Diesel,0.0,2.68,0.0,,0.0,0.0,90.2,596,10.52,45,32.3,51.1,Humid,21,8,LogiTrans,Electronics,34061.91,0.0015,0.0,0.5955,0.0511,0.6466,0.001085,,,0.0,0.0,,,0.6617
ORG001,Hyderabad Warehouse,"Hyderabad, IN",2024-08-23,3046.77,67.2,0.908,24599.07,Natural Gas,0.0,2.06,0.0,,0.0,0.0,65.3,924,22.84,45,25.3,45.5,Sunny,47,8,LogiTrans,Logistics,14401.94,0.0012,0.0,2.7055,0.0173,2.7228,0.002947,,,0.0,0.0,,,2.8014
ORG001,Mumbai Plant,"Mumbai, IN",2024-12-10,8358.83,2952.32,0.812,80705.95,Diesel,59.5,2.68,1.3,VEH012,151.23,18.14,64.0,16567,12.77,45,29.2,61.6,Rainy,244,10,LogiTrans,Logistics,16759.18,0.0012,0.2081,4.3901,0.0201,4.6183,0.000279,,,0.0,0.0,,,5.1261
ORG001,Pune HQ,"Pune, IN",2024-02-18,2031.58,438.28,0.888,20450.63,Natural Gas,0.0,2.06,0.0,,0.0,0.0,44.8,855,5.09,45,25.2,79.4,Rainy,34,10,LogiTrans,Raw material,17557.41,0.0008,0.0,1.4149,0.014,1.4289,0.001671,,,0.0,0.0,,,1.5925
ORG001,Bengaluru Lab,"Bengaluru, IN",2024-02-28,4400.23,1192.2,0.764,44457.14,LPG,10.99,1.51,0.39,,0.0,0.0,45.0,7676,6.17,5,20.9,60.7,Cloudy,74,9,ElectroParts,Logistics,3534.38,0.0012,0.0166,2.4509,0.0042,2.4717,0.000322,,,0.0,0.0,,,2.7063
ORG001,Delhi Office,"Delhi, IN",2024-06-18,2211.19,560.83,0.765,19118.89,Diesel,1.02,2.68,3.22,VEH018,122.68,10.62,72.3,843,12.79,5,19.9,28.1,Sunny,45,10,GreenSteel Co,Logistics,9327.56,0.0012,0.031200000000000002,1.2625,0.0112,1.3049,0.001548,,,0.0,0.0,,,1.2554
ORG001,Bengaluru Lab,"Bengaluru, IN",2024-07-06,4647.31,2022.48,0.729,44037.79,Diesel,29.59,2.68,7.31,VEH015,189.23,16.98,45.8,4054,6.17,60,29.6,76.9,Cloudy,70,8,PackWise,Packaging,6275.82,0.0006,0.1248,1.9135,0.0038,2.0421,0.000504,,,0.0,0.0,,,2.0956
ORG001,Mumbai Plant,"Mumbai, IN",2024-09-27,7184.35,1032.81,0.928,58496.85,Natural Gas,0.0,2.06,0.0,,0.0,0.0,94.5,13845,22.33,45,30.8,57.4,Cloudy,140,10,ElectroParts,Logistics,32053.23,0.0012,0.0,5.7086,0.0385,5.7471,0.000415,,,0.0,0.0,,,5.5528
ORG001,Hyderabad Warehouse,"Hyderabad, IN",2024-07-08,2874.75,753.83,0.866,21798.47,Diesel,0.0,2.68,0.0,,0.0,0.0,50.6,480,11.48,100,30.1,33.1,Windy,36,8,LogiTrans,Raw material,69725.59,0.0008,0.0,1.8367,0.0558,1.8925,0.003943,,,0.0,0.0,,,1.903
ORG001,Hyderabad Warehouse,"Hyderabad, IN",2024-06-23,2588.78,497.13,0.753,25458.07,Diesel,36.15,2.68,0.71,,0.0,0.0,41.1,1349,1.79,100,24.3,66.5,Sunny,51,8,GreenSteel Co,Raw material,40925.91,0.0008,0.0969,1.575,0.0327,1.7046,0.001264,REC_0035,Optimize HVAC,0.2418,69981.08,30.0,High,1.6639
ORG001,Bengaluru Lab,"Bengaluru, IN",2024-02-20,5000.21,700.24,0.955,50011.35,Diesel,17.45,2.68,1.08,,0.0,0.0,67.8,3019,14.85,5,31.5,25.7,Sunny,33,8,LogiTrans,Electronics,11329.59,0.0015,0.0468,4.1065,0.017,4.1703,0.001381,,,0.0,0.0,,,4.5007
ORG001,Hyderabad Warehouse,"Hyderabad, IN",2024-12-29,2228.03,111.76,0.705,19976.64,Diesel,27.12,2.68,6.22,,0.0,0.0,50.5,882,16.52,100,26.8,80.8,Sunny,33,9,LogiTrans,Raw material,38607.28,0.0008,0.0727,1.492,0.0309,1.5956,0.001809,,,0.0,0.0,,,1.8015
ORG001,Pune HQ,"Pune, IN",2024-02-24,1679.75,278.5,0.786,15496.09,Diesel,0.0,2.68,0.0,VEH007,127.2,15.94,52.7,411,18.59,60,24.3,49.7,Cloudy,10,8,ElectroParts,Packaging,50835.96,0.0006,0.0427,1.1014,0.0305,1.1746,0.002858,REC_0038,Optimize HVAC,0.3755,22656.25,17.0,Low,1.2726
ORG001,Delhi Office,"Delhi, IN",2024-08-31,1605.44,94.2,0.928,18056.0,Petrol,0.0,2.31,0.0,,0.0,0.0,38.3,1519,8.12,45,24.4,50.9,Sunny,34,8,GreenSteel Co,Electronics,23438.93,0.0015,0.0,1.4024,0.0352,1.4376,0.000946,,,0.0,0.0,,,1.5601
ORG001,Delhi Office,"Delhi, IN",2024-11-15,1615.28,424.34,0.833,15021.2,Petrol,27.06,2.31,3.69,,0.0,0.0,80.5,384,13.08,75,31.0,41.2,Cloudy,5,8,PackWise,Electronics,39380.68,0.0015,0.0625,0.9921,0.0591,1.1137,0.0029,REC_0040,Supplier change,0.106,73116.42,4.0,Medium,1.2236
ORG001,Delhi Office,"Delhi, IN",2024-05-10,835.27,366.0,0.884,8609.82,Diesel,14.77,2.68,3.22,VEH005,51.96,4.16,70.0,957,4.51,15,32.1,56.4,Humid,18,10,LogiTrans,Logistics,51396.82,0.0012,0.0507,0.4148,0.0617,0.5272,0.000551,REC_0041,Policy,0.1464,95054.67,18.0,Medium,0.5504
ORG001,Delhi Office,"Delhi, IN",2024-11-02,2147.61,512.43,0.893,16470.49,Petrol,51.56,2.31,1.77,,0.0,0.0,71.8,850,13.48,100,23.9,28.2,Cloudy,26,8,GreenSteel Co,Services,14788.72,0.0004,0.1191,1.4602,0.0059,1.5852,0.001865,REC_0042,Route optimization,0.434,102496.34,12.0,High,1.5447
ORG001,Pune HQ,"Pune, IN",2024-05-14,2653.28,215.21,0.829,27042.51,LPG,0.0,1.51,0.0,,0.0,0.0,37.7,1258,9.21,15,26.2,82.0,Sunny,20,8,ElectroParts,Packaging,833.31,0.0006,0.0,2.0212,0.0005,2.0217,0.001607,,,0.0,0.0,,,2.0414
ORG001,Hyderabad Warehouse,"Hyderabad, IN",2024-01-21,2982.15,512.43,0.855,27962.41,Petrol,0.0,2.31,0.0,VEH019,98.06,11.54,90.0,672,6.79,45,27.9,41.9,Sunny,38,10,PackWise,Services,13004.14,0.0004,0.0309,2.1116,0.0052,2.1477,0.003196,,,0.0,0.0,,,2.4032
ORG001,Bengaluru Lab,"Bengaluru, IN",2024-11-24,3714.62,763.73,0.723,38782.33,Diesel,0.0,2.68,0.0,VEH013,182.96,21.12,65.6,9479,18.91,25,25.7,68.8,Windy,146,10,LogiTrans,Logistics,1718.43,0.0012,0.0566,2.1335,0.0021,2.1922,0.000231,,,0.0,0.0,,,2.4978
ORG001,Bengaluru Lab,"Bengaluru, IN",2024-06-15,2568.97,232.82,0.852,23019.28,Natural Gas,12.61,2.06,2.46,,0.0,0.0,35.3,6456,11.0,15,21.4,64.9,Sunny,188,9,GreenSteel Co,Services,8468.07,0.0004,0.026,1.9904,0.0034,2.0198,0.000313,,,0.0,0.0,,,2.1391
ORG001,Bengaluru Lab,"Bengaluru, IN",2024-09-30,3563.33,1315.08,0.818,40619.63,Petrol,26.87,2.31,0.27,,0.0,0.0,40.5,10747,13.39,45,30.3,28.9,Cloudy,92,8,PackWise,Raw material,34447.91,0.0008,0.0621,1.8391,0.0276,1.9288,0.000179,,,0.0,0.0,,,1.9857
ORG001,Delhi Office,"Delhi, IN",2024-03-29,1952.87,604.32,0.914,21083.35,Petrol,21.7,2.31,0.34,,0.0,0.0,81.6,1141,7.6,75,32.7,35.1,Cloudy,17,10,ABC Plastics,Raw material,41842.64,0.0008,0.0501,1.2326,0.0335,1.3162,0.001154,,,0.0,0.0,,,1.2904
ORG001,Bengaluru Lab,"Bengaluru, IN",2024-11-11,2748.08,1241.45,0.818,27392.46,Diesel,0.69,2.68,3.46,VEH005,143.47,14.51,51.9,7451,2.66,100,26.6,43.9,Cloudy,88,8,GreenSteel Co,Electronics,37102.73,0.0015,0.0407,1.2324,0.0557,1.3288,0.000178,,,0.0,0.0,,,1.402
ORG001,Hyderabad Warehouse,"Hyderabad, IN",2024-01-14,2145.65,121.45,0.842,17258.07,LPG,0.0,1.51,0.0,,0.0,0.0,82.4,609,0.75,5,32.0,65.6,Sunny,32,9,ElectroParts,Raw material,64086.78,0.0008,0.0,1.7044,0.0513,1.7557,0.002883,,,0.0,0.0,,,1.6934
ORG001,Delhi Office,"Delhi, IN",2024-08-29,1122.54,113.37,0.846,10906.03,Petrol,0.0,2.31,0.0,,0.0,0.0,73.2,963,16.1,60,26.6,35.1,Sunny,25,10,PackWise,Electronics,50180.09,0.0015,0.0,0.8538,0.0753,0.9291,0.000965,,,0.0,0.0,,,0.9032
ORG001,Bengaluru Lab,"Bengaluru, IN",2024-09-21,4241.49,775.99,0.839,36749.56,CNG,0.0,2.75,0.0,,0.0,0.0,84.6,6116,13.42,100,28.9,74.8,Sunny,49,8,ElectroParts,Electronics,36006.15,0.0015,0.0,2.9076,0.054,2.9616,0.000484,,,0.0,0.0,,,2.8575
ORG001,Pune HQ,"Pune, IN",2024-12-11,2264.15,935.15,0.841,23952.37,Natural Gas,0.0,2.06,0.0,VEH017,111.64,11.45,81.6,833,23.89,45,25.2,59.4,Rainy,50,9,LogiTrans,Services,22954.67,0.0004,0.0307,1.1177,0.0092,1.1576,0.00139,,,0.0,0.0,,,1.3032
ORG001,Pune HQ,"Pune, IN",2024-02-22,2320.97,132.2,0.892,21292.93,Natural Gas,0.0,2.06,0.0,VEH001,178.19,19.82,93.1,441,11.35,15,22.4,55.4,Cloudy,38,8,ABC Plastics,Services,18185.36,0.0004,0.0531,1.9524,0.0073,2.0128,0.004564,,,0.0,0.0,,,2.0083
ORG001,Mumbai Plant,"Mumbai, IN",2024-12-05,7060.9,262.85,0.824,54728.57,Diesel,42.27,2.68,3.24,,0.0,0.0,63.3,12743,7.04,25,33.0,42.1,Humid,149,9,LogiTrans,Packaging,2455.13,0.0006,0.1133,5.6016,0.0015,5.7164,0.000449,REC_0055,Supplier change,0.3627,80324.25,11.0,High,5.8763
ORG001,Delhi Office,"Delhi, IN",2024-04-01,1811.76,486.35,0.865,17526.64,Petrol,4.63,2.31,0.97,,0.0,0.0,54.0,715,18.03,15,22.1,49.3,Sunny,7,9,ABC Plastics,Packaging,17711.97,0.0006,0.0107,1.1465,0.0106,1.1678,0.001633,,,0.0,0.0,,,1.1118
ORG001,Mumbai Plant,"Mumbai, IN",2024-09-20,10821.86,1620.22,0.884,104325.41,CNG,0.0,2.75,0.0,,0.0,0.0,64.6,12492,9.58,5,27.4,32.4,Cloudy,176,10,PackWise,Logistics,9942.31,0.0012,0.0,8.1343,0.0119,8.1462,0.000652,,,0.0,0.0,,,8.3969
ORG001,Hyderabad Warehouse,"Hyderabad, IN",2024-02-04,2095.19,225.7,0.846,21133.04,Petrol,0.0,2.31,0.0,,0.0,0.0,50.7,65,14.43,100,35.0,48.6,Cloudy,29,9,PackWise,Raw material,21067.87,0.0008,0.0,1.5816,0.0169,1.5985,0.024592,REC_0058,Optimize HVAC,0.2616,32793.73,15.0,High,1.7894
ORG001,Mumbai Plant,"Mumbai, IN",2024-07-24,10652.68,1524.62,0.764,102449.11,Diesel,46.29,2.68,1.01,,0.0,0.0,39.6,17209,11.71,45,27.4,78.3,Cloudy,151,8,LogiTrans,Services,21869.47,0.0004,0.1241,6.9738,0.0087,7.1066,0.000413,,,0.0,0.0,,,6.9667
ORG001,Pune HQ,"Pune, IN",2024-03-21,1214.56,61.08,0.761,12468.28,LPG,32.52,1.51,0.6,VEH006,106.55,11.47,47.6,824,8.33,100,31.0,60.0,Windy,51,9,ElectroParts,Raw material,58755.85,0.0008,0.0798,0.8778,0.047,1.0046,0.001219,,,0.0,0.0,,,1.0791
ORG001,Hyderabad Warehouse,"Hyderabad, IN",2024-02-19,3062.17,234.74,0.903,34829.95,Diesel,3.04,2.68,2.28,,0.0,0.0,32.2,830,23.27,75,30.3,54.0,Humid,43,8,LogiTrans,Services,14122.12,0.0004,0.0081,2.5532,0.0056,2.5669,0.003093,REC_0061,Supplier change,0.5221,158637.86,9.0,Low,2.942
ORG001,Mumbai Plant,"Mumbai, IN",2024-12-25,12220.71,651.34,0.89,95791.1,Diesel,74.08,2.68,0.59,VEH020,190.84,17.06,90.4,21719,15.47,100,30.8,73.3,Sunny,405,8,GreenSteel Co,Logistics,1068.4,0.0012,0.2442,10.2967,0.0013,10.5422,0.000485,REC_0062,Retrofit,1.6081,84264.68,7.0,High,11.9909
ORG001,Bengaluru Lab,"Bengaluru, IN",2024-01-02,3665.63,1039.7,0.819,30944.31,Diesel,3.12,2.68,0.86,VEH012,108.44,15.15,35.0,6639,12.01,45,27.2,33.7,Rainy,78,8,GreenSteel Co,Services,33535.02,0.0004,0.048999999999999995,2.1506,0.0134,2.213,0.000333,,,0.0,0.0,,,2.458
ORG001,Delhi Office,"Delhi, IN",2024-02-23,1522.33,347.09,0.833,13719.63,Petrol,14.57,2.31,2.54,,0.0,0.0,59.5,887,15.29,45,35.7,39.5,Rainy,29,8,ElectroParts,Raw material,19784.49,0.0008,0.0337,0.979,0.0158,1.0285,0.00116,,,0.0,0.0,,,1.1253
ORG001,Bengaluru Lab,"Bengaluru, IN",2024-04-15,3646.76,61.16,0.789,34711.52,Diesel,0.0,2.68,0.0,VEH020,186.01,21.38,50.6,5181,6.49,75,23.3,77.0,Cloudy,41,9,LogiTrans,Electronics,33098.58,0.0015,0.0573,2.829,0.0496,2.9359,0.000567,,,0.0,0.0,,,2.8572
ORG001,Mumbai Plant,"Mumbai, IN",2024-09-16,7660.73,2043.67,0.799,67182.29,Petrol,33.54,2.31,2.25,,0.0,0.0,47.5,13818,11.41,75,25.4,46.6,Windy,167,9,ABC Plastics,Raw material,54193.31,0.0008,0.0775,4.488,0.0434,4.6089,0.000334,REC_0066,Supplier change,0.7418,99404.87,9.0,Low,4.5739
ORG001,Pune HQ,"Pune, IN",2024-11-05,2196.23,467.26,0.858,22637.59,Diesel,0.0,2.68,0.0,,0.0,0.0,33.4,734,16.37,25,29.2,42.2,Sunny,34,9,LogiTrans,Packaging,10553.31,0.0006,0.0,1.4835,0.0063,1.4898,0.00203,REC_0067,Policy,0.0811,11012.76,2.0,High,1.4524
ORG001,Mumbai Plant,"Mumbai, IN",2024-07-09,9318.06,1020.53,0.838,104308.74,LPG,36.23,1.51,0.5,VEH008,138.53,11.89,35.0,10425,4.36,60,19.9,26.1,Sunny,72,8,ABC Plastics,Logistics,44660.08,0.0012,0.0866,6.9533,0.0536,7.0935,0.00068,,,0.0,0.0,,,7.9406
ORG001,Pune HQ,"Pune, IN",2024-08-05,1324.28,448.77,0.796,11948.91,Petrol,0.0,2.31,0.0,,0.0,0.0,69.2,517,16.12,100,27.7,82.5,Humid,35,9,ElectroParts,Raw material,75200.29,0.0008,0.0,0.6969,0.0602,0.7571,0.001464,,,0.0,0.0,,,0.7503
ORG001,Mumbai Plant,"Mumbai, IN",2024-02-13,11963.16,1678.0,0.764,117188.77,Petrol,0.0,2.31,0.0,,0.0,0.0,73.8,12567,22.02,25,20.5,53.2,Humid,111,8,ABC Plastics,Electronics,17672.4,0.0015,0.0,7.8579,0.0265,7.8844,0.000627,,,0.0,0.0,,,8.3254
ORG001,Hyderabad Warehouse,"Hyderabad, IN",2024-06-10,2402.61,597.78,0.811,19036.18,Natural Gas,0.0,2.06,0.0,,0.0,0.0,88.3,464,23.88,45,30.4,76.2,Sunny,18,9,ABC Plastics,Services,62716.38,0.0004,0.0,1.4637,0.0251,1.4888,0.003209,,,0.0,0.0,,,1.57
ORG001,Bengaluru Lab,"Bengaluru, IN",2024-07-20,3457.16,781.62,0.828,33014.64,Diesel,0.0,2.68,0.0,,0.0,0.0,91.3,6080,23.46,60,31.4,48.6,Humid,74,8,GreenSteel Co,Logistics,56774.16,0.0012,0.0,2.2153,0.0681,2.2834,0.000376,REC_0072,Policy,0.6427,97011.32,9.0,High,2.3323
ORG001,Bengaluru Lab,"Bengaluru, IN",2024-09-26,3499.38,1353.05,0.843,36242.81,Diesel,19.51,2.68,2.17,VEH016,81.07,9.15,89.8,1300,23.84,15,24.1,48.5,Rainy,56,9,ElectroParts,Logistics,54639.12,0.0012,0.07680000000000001,1.8094,0.0656,1.9518,0.001501,,,0.0,0.0,,,2.097
ORG001,Hyderabad Warehouse,"Hyderabad, IN",2024-12-16,2754.05,127.15,0.857,21119.35,Diesel,20.81,2.68,0.39,,0.0,0.0,48.4,842,10.48,75,31.5,50.7,Sunny,50,8,LogiTrans,Services,9326.39,0.0004,0.0558,2.2513,0.0037,2.3108,0.002744,,,0.0,0.0,,,2.4154
ORG001,Mumbai Plant,"Mumbai, IN",2024-10-30,9843.3,3470.18,0.802,98754.45,Diesel,50.28,2.68,1.05,,0.0,0.0,84.3,17128,7.97,45,24.1,74.5,Cloudy,189,12,ElectroParts,Electronics,51401.44,0.0015,0.1348,5.1112,0.0771,5.3231,0.000311,,,0.0,0.0,,,5.639
ORG001,Pune HQ,"Pune, IN",2024-09-27,1662.15,377.46,0.769,17145.45,Petrol,0.0,2.31,0.0,,0.0,0.0,49.7,340,7.81,15,22.9,32.5,Sunny,38,12,GreenSteel Co,Services,12705.76,0.0004,0.0,0.9879,0.0051,0.993,0.002921,,,0.0,0.0,,,1.0214
ORG001,Hyderabad Warehouse,"Hyderabad, IN",2024-08-02,2279.07,131.31,0.733,20762.9,Diesel,0.0,2.68,0.0,,0.0,0.0,38.4,1720,13.44,15,40.0,47.2,Humid,50,8,GreenSteel Co,Packaging,108297.56,0.0006,0.0,1.5743,0.065,1.6393,0.000953,REC_0077,Retrofit,0.142,41803.05,11.0,High,1.6039
ORG001,Bengaluru Lab,"Bengaluru, IN",2024-09-08,4425.93,1357.32,0.853,44458.57,Petrol,6.63,2.31,0.05,,0.0,0.0,30.7,1446,16.92,75,25.9,67.4,Cloudy,13,8,PackWise,Packaging,16108.53,0.0006,0.0153,2.6175,0.0097,2.6425,0.001827,,,0.0,0.0,,,2.8879
ORG001,Delhi Office,"Delhi, IN",2024-07-08,1481.92,106.06,0.764,12278.45,Petrol,0.0,2.31,0.0,,0.0,0.0,46.3,1244,19.99,75,39.6,62.7,Sunny,58,9,PackWise,Services,15074.16,0.0004,0.0,1.0512,0.006,1.0572,0.00085,,,0.0,0.0,,,1.1357
ORG001,Pune HQ,"Pune, IN",2024-10-22,1449.1,484.62,0.786,13360.67,Diesel,0.0,2.68,0.0,VEH015,79.75,9.82,93.8,1080,2.79,60,33.1,50.1,Rainy,57,8,ABC Plastics,Logistics,14181.3,0.0012,0.0263,0.7581,0.017,0.8014,0.000742,,,0.0,0.0,,,0.7779
ORG001,Mumbai Plant,"Mumbai, IN",2024-07-31,7465.49,1493.52,0.728,62595.03,Diesel,47.91,2.68,0.63,VEH008,4.03,0.39,69.2,15208,1.85,5,38.6,52.5,Sunny,161,10,ABC Plastics,Packaging,3836.5,0.0006,0.1294,4.3476,0.0023,4.4793,0.000295,,,0.0,0.0,,,4.7603
ORG001,Pune HQ,"Pune, IN",2024-07-26,2409.39,810.86,0.743,24483.66,Diesel,0.0,2.68,0.0,,0.0,0.0,74.2,936,9.8,15,31.7,57.5,Humid,25,10,ABC Plastics,Services,10113.61,0.0004,0.0,1.1877,0.004,1.1917,0.001273,REC_0082,Retrofit,0.2376,16625.43,21.0,Low,1.1522
ORG001,Pune HQ,"Pune, IN",2024-08-24,1197.27,77.21,0.889,12534.24,Diesel,4.33,2.68,4.2,,0.0,0.0,30.9,486,6.5,45,23.9,28.8,Cloudy,36,9,ElectroParts,Logistics,27236.3,0.0012,0.0116,0.9957,0.0327,1.04,0.00214,,,0.0,0.0,,,1.182
ORG001,Hyderabad Warehouse,"Hyderabad, IN",2024-12-03,2782.83,198.57,0.8,31345.15,Diesel,0.0,2.68,0.0,,0.0,0.0,86.2,1199,15.31,25,26.6,50.7,Sunny,46,10,ElectroParts,Logistics,15080.56,0.0012,0.0,2.0674,0.0181,2.0855,0.001739,,,0.0,0.0,,,2.231
ORG001,Hyderabad Warehouse,"Hyderabad, IN",2024-02-22,811.35,284.2,0.795,9113.41,Petrol,13.03,2.31,0.15,VEH001,97.62,8.73,82.9,936,16.44,75,27.4,58.2,Sunny,30,10,ABC Plastics,Raw material,73392.66,0.0008,0.0535,0.4191,0.0587,0.5313,0.000568,,,0.0,0.0,,,0.6018
ORG001,Hyderabad Warehouse,"Hyderabad, IN",2024-10-06,1784.04,75.42,0.777,13949.74,Petrol,0.0,2.31,0.0,,0.0,0.0,85.8,805,17.96,15,14.1,68.3,Sunny,52,8,GreenSteel Co,Raw material,18029.01,0.0008,0.0,1.3276,0.0144,1.342,0.001667,REC_0086,Policy,0.2812,22947.83,19.0,Medium,1.3676
ORG001,Delhi Office,"Delhi, IN",2024-08-04,1714.73,262.53,0.912,14912.54,Diesel,5.51,2.68,0.62,,0.0,0.0,78.7,903,9.95,15,28.2,50.7,Cloudy,53,10,ABC Plastics,Packaging,3536.77,0.0006,0.0148,1.3244,0.0021,1.3413,0.001485,,,0.0,0.0,,,1.4286
ORG001,Hyderabad Warehouse,"Hyderabad, IN",2024-09-08,1836.39,111.17,0.775,16546.36,Petrol,41.46,2.31,0.46,,0.0,0.0,57.3,706,0.43,15,30.5,49.5,Humid,38,8,ABC Plastics,Services,40916.39,0.0004,0.0958,1.337,0.0164,1.4492,0.002053,REC_0088,Optimize HVAC,0.3756,41006.66,25.0,Low,1.4357
ORG001,Bengaluru Lab,"Bengaluru, IN",2024-07-06,4459.41,384.35,0.805,38083.16,Diesel,0.0,2.68,0.0,,0.0,0.0,43.2,5809,1.61,25,20.0,69.6,Humid,98,8,GreenSteel Co,Packaging,12384.04,0.0006,0.0,3.2804,0.0074,3.2878,0.000566,,,0.0,0.0,,,3.652
ORG001,Bengaluru Lab,"Bengaluru, IN",2024-02-10,2556.86,298.71,0.811,29695.47,Petrol,0.0,2.31,0.0,VEH016,97.37,8.87,61.5,2586,0.13,100,28.6,50.6,Cloudy,62,9,GreenSteel Co,Services,2371.58,0.0004,0.0238,1.8314,0.0009,1.8561,0.000718,,,0.0,0.0,,,1.7687
ORG001,Delhi Office,"Delhi, IN",2024-06-05,2026.26,522.15,0.814,19729.22,Natural Gas,0.0,2.06,0.0,,0.0,0.0,67.6,924,15.18,45,23.5,67.8,Sunny,47,9,GreenSteel Co,Services,36006.29,0.0004,0.0,1.2243,0.0144,1.2387,0.001341,,,0.0,0.0,,,1.392
ORG001,Mumbai Plant,"Mumbai, IN",2024-01-15,5255.25,1269.6,0.896,56914.39,Diesel,0.0,2.68,0.0,VEH019,167.74,16.35,51.1,16659,6.47,100,17.4,64.3,Humid,546,10,PackWise,Logistics,6184.59,0.0012,0.0438,3.5711,0.0074,3.6223,0.000217,,,0.0,0.0,,,4.1536
ORG001,Bengaluru Lab,"Bengaluru, IN",2024-10-27,4146.89,1262.9,0.746,44050.24,Petrol,0.0,2.31,0.0,,0.0,0.0,80.9,5387,10.3,25,26.0,79.1,Windy,34,10,PackWise,Electronics,36956.12,0.0015,0.0,2.1515,0.0554,2.2069,0.00041,,,0.0,0.0,,,2.4085
ORG001,Delhi Office,"Delhi, IN",2024-03-05,1783.8,472.79,0.795,16861.92,Petrol,0.0,2.31,0.0,,0.0,0.0,72.5,746,5.57,25,21.8,33.0,Cloudy,39,9,GreenSteel Co,Raw material,83400.82,0.0008,0.0,1.0422,0.0667,1.1089,0.001486,,,0.0,0.0,,,1.1836
ORG001,Pune HQ,"Pune, IN",2024-12-10,2096.78,291.63,0.84,22572.96,Diesel,24.97,2.68,1.93,,0.0,0.0,60.5,679,20.67,45,10.4,67.9,Cloudy,34,10,ABC Plastics,Electronics,43146.66,0.0015,0.0669,1.5163,0.0647,1.6479,0.002427,REC_0095,Supplier change,0.1651,35802.5,27.0,Medium,1.7793
ORG001,Mumbai Plant,"Mumbai, IN",2024-11-22,8007.39,2991.43,0.754,97558.38,CNG,45.52,2.75,1.21,,0.0,0.0,89.2,11195,15.34,45,21.4,59.4,Sunny,86,10,LogiTrans,Electronics,5623.72,0.0015,0.1252,3.782,0.0084,3.9156,0.00035,REC_0096,Supplier change,0.2569,47042.1,8.0,High,4.1951
ORG001,Bengaluru Lab,"Bengaluru, IN",2024-01-09,4208.82,204.65,0.82,46109.25,Petrol,7.41,2.31,0.45,VEH014,189.31,15.25,70.2,4937,10.45,100,22.8,74.0,Humid,45,9,PackWise,Raw material,38125.53,0.0008,0.057999999999999996,3.2834,0.0305,3.3719,0.000683,REC_0097,Supplier change,0.6431,104690.91,8.0,High,3.3026
ORG001,Delhi Office,"Delhi, IN",2024-12-09,1393.17,201.52,0.749,11061.96,Diesel,0.0,2.68,0.0,VEH004,135.94,13.03,35.0,1140,3.74,25,37.0,71.8,Sunny,59,8,ABC Plastics,Electronics,10399.39,0.0015,0.0349,0.8925,0.0156,0.943,0.000827,,,0.0,0.0,,,0.9536
ORG001,Pune HQ,"Pune, IN",2024-05-08,1987.67,88.21,0.851,14018.41,CNG,0.0,2.75,0.0,VEH011,241.35,22.91,91.1,806,11.3,15,25.9,54.6,Cloudy,12,8,ABC Plastics,Logistics,5867.71,0.0012,0.0614,1.6164,0.007,1.6848,0.00209,,,0.0,0.0,,,1.7408
ORG001,Hyderabad Warehouse,"Hyderabad, IN",2024-05-15,2651.35,1109.8,0.84,24928.7,CNG,0.0,2.75,0.0,VEH007,138.61,14.33,61.9,1138,14.49,25,26.8,83.2,Cloudy,39,8,GreenSteel Co,Services,52147.14,0.0004,0.0384,1.2949,0.0209,1.3542,0.00119,,,0.0,0.0,,,1.3779
ORG001,Bengaluru Lab,"Bengaluru, IN",2024-03-03,2732.63,117.66,0.778,23052.43,Diesel,0.0,2.68,0.0,,0.0,0.0,70.8,4088,11.0,60,30.8,37.0,Sunny,92,8,PackWise,Logistics,13095.19,0.0012,0.0,2.0344,0.0157,2.0501,0.000501,REC_0101,Supplier change,0.4653,23288.82,18.0,Medium,2.1579
ORG001,Hyderabad Warehouse,"Hyderabad, IN",2024-05-18,3449.3,228.67,0.827,23949.62,Natural Gas,0.0,2.06,0.0,,0.0,0.0,62.6,0,20.14,15,38.3,72.8,Rainy,32,8,PackWise,Logistics,2094.99,0.0012,0.0,2.6635,0.0025,2.666,0.0,,,0.0,0.0,,,2.6826
ORG001,Bengaluru Lab,"Bengaluru, IN",2024-03-21,3788.32,1512.09,0.836,33960.43,Diesel,0.0,2.68,0.0,,0.0,0.0,90.4,4080,0.46,75,27.0,56.5,Rainy,77,8,LogiTrans,Electronics,21988.09,0.0015,0.0,1.9029,0.033,1.9359,0.000474,REC_0103,Optimize HVAC,0.4437,9872.81,3.0,High,2.079
ORG001,Hyderabad Warehouse,"Hyderabad, IN",2024-06-11,2841.3,516.43,0.87,30532.72,Natural Gas,0.0,2.06,0.0,,0.0,0.0,52.1,756,6.27,45,23.2,84.5,Cloudy,28,8,GreenSteel Co,Raw material,17137.97,0.0008,0.0,2.0226,0.0137,2.0363,0.002694,,,0.0,0.0,,,2.1164
ORG001,Mumbai Plant,"Mumbai, IN",2024-10-15,8596.78,257.23,0.81,96924.17,Petrol,68.18,2.31,0.88,,0.0,0.0,49.2,16329,7.17,15,38.0,81.4,Cloudy,115,8,PackWise,Services,1925.43,0.0004,0.1575,6.755,0.0008,6.9133,0.000423,,,0.0,0.0,,,6.7293
ORG001,Hyderabad Warehouse,"Hyderabad, IN",2024-09-17,1304.84,328.76,0.808,13823.01,Diesel,0.0,2.68,0.0,,0.0,0.0,90.6,842,19.7,25,39.4,49.7,Cloudy,12,10,ABC Plastics,Raw material,56593.53,0.0008,0.0,0.7887,0.0453,0.834,0.00099,,,0.0,0.0,,,0.8097
ORG001,Hyderabad Warehouse,"Hyderabad, IN",2024-08-18,2369.38,406.81,0.842,24490.04,Natural Gas,0.0,2.06,0.0,VEH018,199.13,19.07,78.6,951,13.47,5,16.6,28.0,Sunny,29,8,ABC Plastics,Raw material,24188.45,0.0008,0.0511,1.6525,0.0194,1.723,0.001812,,,0.0,0.0,,,1.724
ORG001,Mumbai Plant,"Mumbai, IN",2024-02-10,10165.38,2797.1,0.804,89452.12,Diesel,75.96,2.68,1.26,,0.0,0.0,84.7,13333,19.4,25,20.2,70.7,Rainy,226,8,GreenSteel Co,Logistics,999.14,0.0012,0.2036,5.9241,0.0012,6.1289,0.00046,,,0.0,0.0,,,6.56
ORG001,Hyderabad Warehouse,"Hyderabad, IN",2024-01-28,2641.06,210.1,0.847,24420.49,Petrol,21.9,2.31,2.97,VEH014,8.81,0.76,45.0,1338,16.35,45,30.4,61.7,Sunny,21,9,PackWise,Electronics,27828.52,0.0015,0.0526,2.059,0.0417,2.1533,0.001609,,,0.0,0.0,,,2.2746
ORG001,Hyderabad Warehouse,"Hyderabad, IN",2024-05-14,2396.54,196.28,0.803,19316.56,Petrol,0.0,2.31,0.0,VEH007,96.62,7.65,92.3,807,5.29,60,36.2,49.2,Rainy,12,10,PackWise,Raw material,92883.73,0.0008,0.0205,1.7668,0.0743,1.8616,0.002307,,,0.0,0.0,,,1.9338
ORG001,Hyderabad Warehouse,"Hyderabad, IN",2024-07-19,2658.91,614.14,0.799,26853.13,Diesel,0.0,2.68,0.0,,0.0,0.0,83.9,687,17.11,100,21.3,37.7,Humid,39,12,GreenSteel Co,Electronics,7170.51,0.0015,0.0,1.6338,0.0108,1.6446,0.002394,,,0.0,0.0,,,1.82
ORG001,Delhi Office,"Delhi, IN",2024-11-23,2056.96,307.87,0.752,17162.9,Diesel,0.0,2.68,0.0,,0.0,0.0,62.3,550,22.01,15,26.0,50.1,Rainy,49,8,ABC Plastics,Electronics,4845.18,0.0015,0.0,1.3153,0.0073,1.3226,0.002405,REC_0112,Retrofit,0.0869,31599.31,4.0,High,1.3186
ORG001,Hyderabad Warehouse,"Hyderabad, IN",2024-09-24,2266.46,262.63,0.857,21758.43,Diesel,7.0,2.68,1.75,VEH009,65.87,5.72,32.6,107,23.37,45,37.0,28.7,Cloudy,9,12,PackWise,Packaging,40403.12,0.0006,0.0341,1.7173,0.0242,1.7756,0.016594,REC_0113,Optimize HVAC,0.3074,35089.1,8.0,High,1.7789
ORG001,Hyderabad Warehouse,"Hyderabad, IN",2024-02-02,2145.63,484.38,0.881,17160.54,Petrol,0.0,2.31,0.0,,0.0,0.0,61.5,1000,5.19,5,39.1,73.3,Rainy,41,10,PackWise,Services,16337.23,0.0004,0.0,1.4636,0.0065,1.4701,0.00147,REC_0114,Policy,0.0985,19472.66,11.0,Medium,1.4535
ORG001,Hyderabad Warehouse,"Hyderabad, IN",2024-02-17,2240.02,163.72,0.835,19127.18,Petrol,0.0,2.31,0.0,VEH016,43.68,4.3,32.9,987,1.97,100,40.5,41.2,Sunny,47,9,GreenSteel Co,Logistics,52226.39,0.0012,0.0115,1.7337,0.0627,1.8079,0.001832,,,0.0,0.0,,,1.9482
ORG001,Hyderabad Warehouse,"Hyderabad, IN",2024-03-02,2060.78,154.59,0.82,24779.84,Natural Gas,21.75,2.06,0.28,VEH010,77.47,7.15,46.5,1771,11.3,75,32.0,40.2,Humid,72,8,GreenSteel Co,Raw material,28272.6,0.0008,0.064,1.5631,0.0226,1.6497,0.000932,REC_0116,Supplier change,0.5016,97339.75,2.0,Medium,1.7662
ORG001,Mumbai Plant,"Mumbai, IN",2024-08-03,4559.11,2379.03,0.856,46696.02,Petrol,17.09,2.31,0.12,VEH019,205.83,19.62,32.9,12459,11.48,45,35.5,49.7,Sunny,508,8,ElectroParts,Raw material,17874.43,0.0008,0.0921,1.8661,0.0143,1.9725,0.000158,,,0.0,0.0,,,1.9428
ORG001,Delhi Office,"Delhi, IN",2024-10-19,2216.78,657.05,0.762,21914.8,Diesel,50.41,2.68,0.27,,0.0,0.0,86.1,866,3.62,25,22.0,56.5,Rainy,30,8,LogiTrans,Raw material,81099.4,0.0008,0.1351,1.1885,0.0649,1.3885,0.001603,,,0.0,0.0,,,1.4897
ORG001,Delhi Office,"Delhi, IN",2024-04-08,1815.76,158.49,0.847,16020.03,Petrol,0.0,2.31,0.0,,0.0,0.0,38.3,771,3.03,60,29.4,31.2,Sunny,19,8,ABC Plastics,Services,34394.69,0.0004,0.0,1.4037,0.0138,1.4175,0.001839,REC_0119,Supplier change,0.2225,96807.95,13.0,Low,1.507
ORG001,Pune HQ,"Pune, IN",2024-06-20,2666.09,645.23,0.753,22782.24,Diesel,0.0,2.68,0.0,,0.0,0.0,50.8,726,11.44,15,38.1,65.9,Sunny,20,10,PackWise,Services,13365.21,0.0004,0.0,1.5217,0.0053,1.527,0.002103,,,0.0,0.0,,,1.4872
ORG001,Bengaluru Lab,"Bengaluru, IN",2024-12-25,4406.26,761.86,0.82,39429.59,Natural Gas,0.0,2.06,0.0,VEH017,19.05,1.92,68.1,3053,12.99,100,34.1,83.5,Cloudy,106,9,GreenSteel Co,Raw material,63960.39,0.0008,0.0051,2.9884,0.0512,3.0447,0.000997,,,0.0,0.0,,,2.9178
ORG001,Delhi Office,"Delhi, IN",2024-08-01,1247.28,56.23,0.841,10197.29,Petrol,23.39,2.31,4.77,,0.0,0.0,75.5,520,22.6,5,35.0,26.3,Sunny,42,10,ElectroParts,Raw material,68805.01,0.0008,0.054,1.0017,0.055,1.1107,0.002136,,,0.0,0.0,,,1.1234
ORG001,Bengaluru Lab,"Bengaluru, IN",2024-02-04,3663.18,1026.87,0.811,32627.09,Natural Gas,31.62,2.06,1.02,VEH006,65.12,6.73,55.2,8879,15.83,25,24.8,73.8,Humid,83,8,ABC Plastics,Services,20332.5,0.0004,0.08310000000000001,2.138,0.0081,2.2292,0.000251,REC_0123,Retrofit,0.5139,21869.52,23.0,High,2.1743
ORG001,Hyderabad Warehouse,"Hyderabad, IN",2024-08-14,2373.5,610.02,0.854,20357.09,Diesel,13.47,2.68,0.7,,0.0,0.0,74.1,363,4.13,5,29.7,33.6,Sunny,8,9,ABC Plastics,Logistics,44739.66,0.0012,0.0361,1.506,0.0537,1.5958,0.004396,,,0.0,0.0,,,1.6764
ORG001,Delhi Office,"Delhi, IN",2024-04-10,1597.69,91.02,0.771,12074.47,Natural Gas,0.0,2.06,0.0,,0.0,0.0,57.5,1011,8.2,25,35.7,30.2,Humid,29,9,PackWise,Raw material,43385.42,0.0008,0.0,1.1616,0.0347,1.1963,0.001183,,,0.0,0.0,,,1.3164
ORG001,Mumbai Plant,"Mumbai, IN",2024-05-10,7470.77,765.23,0.731,80510.47,Petrol,0.0,2.31,0.0,,0.0,0.0,71.0,16399,9.94,60,36.1,57.5,Cloudy,324,9,ElectroParts,Logistics,57011.99,0.0012,0.0,4.9018,0.0684,4.9702,0.000303,,,0.0,0.0,,,4.9471
ORG001,Mumbai Plant,"Mumbai, IN",2024-09-13,9108.45,1910.05,0.796,72811.46,Diesel,23.24,2.68,0.97,,0.0,0.0,39.4,21158,12.14,5,28.3,56.2,Windy,390,12,ElectroParts,Services,2111.78,0.0004,0.0623,5.7299,0.0008,5.793,0.000274,REC_0127,Policy,0.6116,134146.92,16.0,High,6.5994
ORG001,Pune HQ,"Pune, IN",2024-01-05,1181.2,159.57,0.715,9643.03,LPG,64.25,1.51,0.05,,0.0,0.0,41.5,1412,7.57,25,32.0,54.4,Sunny,66,10,ABC Plastics,Services,30344.99,0.0004,0.097,0.7305,0.0121,0.8396,0.000595,,,0.0,0.0,,,0.9525
ORG001,Hyderabad Warehouse,"Hyderabad, IN",2024-08-05,3709.47,464.34,0.845,33689.6,Petrol,18.18,2.31,7.65,VEH003,16.17,1.78,77.5,1231,10.08,75,30.4,29.1,Sunny,41,8,PackWise,Services,53691.47,0.0004,0.0468,2.7421,0.0215,2.8104,0.002283,,,0.0,0.0,,,2.9782
ORG001,Hyderabad Warehouse,"Hyderabad, IN",2024-09-11,3211.71,1101.06,0.852,23843.6,Diesel,67.08,2.68,0.88,,0.0,0.0,77.5,1094,22.53,45,38.0,59.5,Sunny,33,8,ElectroParts,Services,1101.69,0.0004,0.1798,1.7983,0.0004,1.9785,0.001809,,,0.0,0.0,,,1.8967
ORG001,Delhi Office,"Delhi, IN",2024-12-24,1768.54,722.73,0.854,19913.51,LPG,6.71,1.51,1.83,,0.0,0.0,48.7,172,0.16,25,26.8,30.5,Sunny,7,8,LogiTrans,Packaging,24596.58,0.0006,0.0101,0.8931,0.0148,0.918,0.005337,,,0.0,0.0,,,0.8889
ORG001,Mumbai Plant,"Mumbai, IN",2024-10-09,6221.3,1906.26,0.755,51219.24,Natural Gas,49.62,2.06,1.97,,0.0,0.0,69.8,11907,7.86,15,22.8,41.1,Sunny,219,9,GreenSteel Co,Packaging,63058.43,0.0006,0.1022,3.2579,0.0378,3.3979,0.000285,REC_0132,Retrofit,0.2531,117219.83,1.0,High,3.5
ORG001,Pune HQ,"Pune, IN",2024-07-25,2047.06,31.22,0.769,17215.39,Diesel,0.0,2.68,0.0,,0.0,0.0,73.1,871,19.59,100,28.9,84.8,Rainy,20,9,GreenSteel Co,Packaging,3255.6,0.0006,0.0,1.5502,0.002,1.5522,0.001782,REC_0133,Supplier change,0.1804,43626.58,28.0,High,1.7099
ORG001,Bengaluru Lab,"Bengaluru, IN",2024-01-15,3500.6,1139.83,0.75,32534.34,Diesel,15.7,2.68,0.4,,0.0,0.0,57.8,10167,8.81,75,32.9,50.6,Cloudy,85,8,PackWise,Logistics,15319.27,0.0012,0.0421,1.7706,0.0184,1.8311,0.00018,,,0.0,0.0,,,2.0369
ORG001,Pune HQ,"Pune, IN",2024-12-11,1887.88,833.48,0.745,15313.82,Diesel,12.7,2.68,0.76,,0.0,0.0,86.9,618,7.26,5,29.9,41.4,Humid,22,9,LogiTrans,Electronics,27213.16,0.0015,0.034,0.7855,0.0408,0.8603,0.001392,,,0.0,0.0,,,0.9034
ORG001,Delhi Office,"Delhi, IN",2024-02-11,1107.62,170.15,0.836,10351.04,Petrol,0.0,2.31,0.0,,0.0,0.0,91.5,936,7.51,75,23.4,63.8,Cloudy,52,8,LogiTrans,Raw material,55337.5,0.0008,0.0,0.7837,0.0443,0.828,0.000885,,,0.0,0.0,,,0.8653
ORG001,Bengaluru Lab,"Bengaluru, IN",2024-06-27,3941.62,719.74,0.905,36359.15,Petrol,0.0,2.31,0.0,,0.0,0.0,90.7,194,9.65,25,35.3,46.8,Humid,24,9,ABC Plastics,Electronics,46721.05,0.0015,0.0,2.9158,0.0701,2.9859,0.015391,,,0.0,0.0,,,3.0314
ORG001,Delhi Office,"Delhi, IN",2024-03-03,1899.44,564.31,0.784,19011.26,Diesel,20.99,2.68,0.84,,0.0,0.0,58.6,806,12.19,25,34.3,28.8,Sunny,45,9,ElectroParts,Services,31602.83,0.0004,0.0563,1.0467,0.0126,1.1156,0.001384,,,0.0,0.0,,,1.235
ORG001,Delhi Office,"Delhi, IN",2024-12-17,2154.7,142.38,0.83,21871.32,Petrol,8.16,2.31,0.0,,0.0,0.0,67.1,1072,11.49,45,23.7,32.2,Sunny,8,8,ABC Plastics,Raw material,65638.4,0.0008,0.0188,1.6702,0.0525,1.7415,0.001625,,,0.0,0.0,,,1.7616
ORG001,Hyderabad Warehouse,"Hyderabad, IN",2024-08-18,1729.06,69.66,0.836,16205.16,Petrol,8.66,2.31,1.17,,0.0,0.0,63.1,910,11.6,45,27.9,58.7,Sunny,10,12,ElectroParts,Logistics,14260.98,0.0012,0.02,1.3873,0.0171,1.4244,0.001565,REC_0140,Optimize HVAC,0.4789,102140.32,12.0,High,1.4752
ORG001,Pune HQ,"Pune, IN",2024-08-28,1441.8,270.31,0.819,15281.92,Diesel,6.41,2.68,0.77,VEH017,35.32,3.75,71.3,915,2.97,100,38.3,33.3,Sunny,35,9,LogiTrans,Logistics,9938.33,0.0012,0.027200000000000002,0.9594,0.0119,0.9985,0.001091,,,0.0,0.0,,,1.1353
ORG001,Delhi Office,"Delhi, IN",2024-02-21,1520.07,347.05,0.899,12736.71,LPG,0.0,1.51,0.0,,0.0,0.0,56.7,1045,15.92,60,22.9,47.6,Sunny,64,8,LogiTrans,Raw material,52930.11,0.0008,0.0,1.0545,0.0423,1.0968,0.00105,,,0.0,0.0,,,1.2547
ORG001,Pune HQ,"Pune, IN",2024-04-05,2278.65,404.12,0.833,25242.31,Diesel,0.0,2.68,0.0,VEH008,74.76,6.35,34.5,992,8.03,25,31.2,62.2,Humid,28,8,LogiTrans,Packaging,21507.19,0.0006,0.017,1.5615,0.0129,1.5914,0.001604,REC_0143,Policy,0.5416,81366.66,27.0,Low,1.6985
ORG001,Delhi Office,"Delhi, IN",2024-08-09,1166.83,614.43,0.794,9243.36,LPG,10.5,1.51,1.72,,0.0,0.0,77.1,519,4.85,25,26.6,42.9,Sunny,5,8,GreenSteel Co,Electronics,36620.68,0.0015,0.0159,0.4386,0.0549,0.5094,0.000982,,,0.0,0.0,,,0.4953
ORG001,Mumbai Plant,"Mumbai, IN",2024-08-18,6825.72,870.35,0.75,66136.56,Diesel,0.0,2.68,0.0,,0.0,0.0,54.2,12781,22.85,100,35.2,60.0,Cloudy,442,8,ElectroParts,Packaging,30981.02,0.0006,0.0,4.4665,0.0186,4.4851,0.000351,,,0.0,0.0,,,5.0854
ORG001,Pune HQ,"Pune, IN",2024-08-24,1901.86,77.09,0.729,19170.13,LPG,41.64,1.51,3.58,,0.0,0.0,81.4,1063,14.43,25,32.7,75.7,Sunny,46,8,ElectroParts,Services,33645.66,0.0004,0.0629,1.3303,0.0135,1.4067,0.001323,,,0.0,0.0,,,1.5005
ORG001,Bengaluru Lab,"Bengaluru, IN",2024-05-22,3159.85,1739.92,0.808,28245.67,Diesel,19.62,2.68,1.52,,0.0,0.0,69.9,4157,23.09,15,33.6,67.4,Sunny,67,9,ABC Plastics,Services,3850.08,0.0004,0.0526,1.1473,0.0015,1.2014,0.000289,REC_0147,Route optimization,0.2991,45987.61,13.0,High,1.3163
ORG001,Delhi Office,"Delhi, IN",2024-06-19,1955.62,899.29,0.84,18166.45,Natural Gas,29.04,2.06,0.79,VEH010,206.75,15.7,43.5,1358,20.43,5,31.2,35.9,Sunny,50,10,ABC Plastics,Logistics,27845.59,0.0012,0.10189999999999999,0.8873,0.0334,1.0226,0.000753,REC_0148,Supplier change,0.1114,75205.95,1.0,Low,1.1079
ORG001,Delhi Office,"Delhi, IN",2024-01-29,1092.52,49.01,0.827,11139.42,LPG,33.59,1.51,0.38,,0.0,0.0,76.3,873,2.98,100,33.3,70.7,Cloudy,27,9,LogiTrans,Raw material,42519.08,0.0008,0.0507,0.863,0.034,0.9477,0.001086,,,0.0,0.0,,,0.9637
ORG001,Hyderabad Warehouse,"Hyderabad, IN",2024-02-05,4063.53,980.19,0.827,26788.18,Petrol,0.0,2.31,0.0,,0.0,0.0,38.9,194,17.39,25,23.2,27.2,Cloudy,8,9,ABC Plastics,Services,11816.41,0.0004,0.0,2.5499,0.0047,2.5546,0.013168,REC_0150,Route optimization,0.5247,118186.04,1.0,High,2.6461
ORG001,Bengaluru Lab,"Bengaluru, IN",2024-01-13,4018.5,454.03,0.826,34924.64,Diesel,49.44,2.68,0.61,,0.0,0.0,32.6,5362,10.78,45,35.7,46.0,Cloudy,40,9,GreenSteel Co,Packaging,23710.53,0.0006,0.1325,2.9442,0.0142,3.0909,0.000576,,,0.0,0.0,,,3.4733
ORG001,Mumbai Plant,"Mumbai, IN",2024-06-08,8561.06,2131.39,0.749,97982.85,Diesel,47.17,2.68,5.17,VEH010,189.89,19.08,69.7,10152,8.24,45,29.8,55.9,Sunny,67,8,ElectroParts,Logistics,11869.72,0.0012,0.17750000000000002,4.8158,0.0142,5.0075,0.000493,,,0.0,0.0,,,4.837
ORG001,Hyderabad Warehouse,"Hyderabad, IN",2024-11-22,2745.82,980.29,0.859,28164.26,Diesel,35.33,2.68,0.63,,0.0,0.0,84.9,455,11.43,60,32.6,43.1,Sunny,4,8,LogiTrans,Logistics,48821.22,0.0012,0.0947,1.5166,0.0586,1.6699,0.00367,,,0.0,0.0,,,1.9018
ORG001,Hyderabad Warehouse,"Hyderabad, IN",2024-07-05,1486.8,224.51,0.843,14835.49,Diesel,30.93,2.68,0.96,,0.0,0.0,32.4,0,15.23,100,28.8,74.8,Sunny,13,9,LogiTrans,Services,55994.19,0.0004,0.0829,1.0641,0.0224,1.1694,0.0,REC_0154,Optimize HVAC,0.279,47925.39,16.0,Low,1.3442
ORG001,Delhi Office,"Delhi, IN",2024-08-30,1029.98,211.16,0.771,8438.39,CNG,0.0,2.75,0.0,,0.0,0.0,93.5,1284,10.43,5,25.0,76.0,Rainy,45,10,PackWise,Packaging,61763.68,0.0006,0.0,0.6313,0.0371,0.6684,0.000521,,,0.0,0.0,,,0.7342
ORG001,Mumbai Plant,"Mumbai, IN",2024-03-26,4939.08,661.16,0.91,51644.86,Diesel,65.9,2.68,0.59,,0.0,0.0,38.5,10129,19.14,60,28.9,50.2,Cloudy,81,9,ABC Plastics,Raw material,48728.95,0.0008,0.1766,3.8929,0.039,4.1085,0.000406,,,0.0,0.0,,,4.6133
ORG001,Bengaluru Lab,"Bengaluru, IN",2024-10-10,3368.19,559.96,0.874,34524.54,Diesel,29.48,2.68,0.13,,0.0,0.0,50.2,6213,20.15,75,12.7,43.3,Sunny,180,10,PackWise,Packaging,49248.87,0.0006,0.079,2.4544,0.0295,2.5629,0.000413,REC_0157,Policy,0.3813,32313.8,11.0,High,2.6151
ORG001,Delhi Office,"Delhi, IN",2024-03-06,1258.75,71.95,0.814,12066.71,Diesel,11.23,2.68,5.49,,0.0,0.0,48.9,289,13.49,5,30.4,51.0,Cloudy,13,9,ABC Plastics,Raw material,57906.52,0.0008,0.0301,0.9661,0.0463,1.0425,0.003607,,,0.0,0.0,,,1.1541
ORG001,Delhi Office,"Delhi, IN",2024-06-18,1753.94,974.83,0.849,13196.25,Diesel,35.11,2.68,13.44,VEH011,56.5,5.53,40.0,997,6.21,100,10.9,31.9,Humid,57,12,GreenSteel Co,Packaging,38935.31,0.0006,0.1089,0.6615,0.0234,0.7938,0.000796,,,0.0,0.0,,,0.7551
ORG001,Mumbai Plant,"Mumbai, IN",2024-02-14,4281.33,721.06,0.822,38457.54,Petrol,0.0,2.31,0.0,VEH006,155.8,16.33,36.3,14770,2.49,5,27.1,55.9,Windy,131,10,PackWise,Services,20321.38,0.0004,0.0438,2.9265,0.0081,2.9784,0.000202,,,0.0,0.0,,,3.0308
ORG001,Bengaluru Lab,"Bengaluru, IN",2024-03-02,1662.61,187.56,0.675,16974.76,CNG,0.0,2.75,0.0,,0.0,0.0,39.1,9171,13.99,25,29.2,64.6,Sunny,219,10,PackWise,Services,37785.45,0.0004,0.0,0.9957,0.0151,1.0108,0.00011,,,0.0,0.0,,,1.0499
ORG001,Bengaluru Lab,"Bengaluru, IN",2024-05-13,3244.71,476.45,0.802,29872.04,Petrol,21.97,2.31,0.01,,0.0,0.0,63.4,6502,18.7,60,29.7,39.5,Rainy,83,9,ABC Plastics,Raw material,51376.14,0.0008,0.0508,2.2201,0.0411,2.312,0.000356,REC_0162,Route optimization,0.6286,70344.33,8.0,High,2.5866
ORG001,Mumbai Plant,"Mumbai, IN",2024-10-10,8788.82,2318.36,0.816,73025.69,Petrol,0.0,2.31,0.0,VEH003,194.72,23.5,86.3,15086,20.92,75,24.2,29.1,Sunny,266,9,GreenSteel Co,Services,36958.67,0.0004,0.063,5.2799,0.0148,5.3577,0.000355,REC_0163,Route optimization,0.846,4900.16,21.0,High,5.8416
ORG001,Pune HQ,"Pune, IN",2024-01-28,1650.26,471.25,0.874,16193.57,CNG,0.0,2.75,0.0,,0.0,0.0,33.4,919,2.51,5,32.5,34.4,Rainy,53,8,ABC Plastics,Packaging,20982.72,0.0006,0.0,1.0305,0.0126,1.0431,0.001135,,,0.0,0.0,,,1.0991
ORG001,Hyderabad Warehouse,"Hyderabad, IN",2024-04-17,3717.71,2053.4,0.816,26234.18,Diesel,21.19,2.68,0.29,,0.0,0.0,86.4,558,18.62,45,29.9,79.0,Cloudy,55,10,ElectroParts,Services,70769.33,0.0004,0.0568,1.3581,0.0283,1.4432,0.002586,,,0.0,0.0,,,1.5236
ORG001,Mumbai Plant,"Mumbai, IN",2024-02-13,9964.36,851.36,0.765,96279.67,Petrol,0.0,2.31,0.0,VEH005,126.3,10.91,60.4,15885,20.83,5,23.3,69.5,Cloudy,252,8,PackWise,Logistics,3224.17,0.0012,0.0292,6.9714,0.0039,7.0045,0.000441,,,0.0,0.0,,,7.1937
ORG001,Bengaluru Lab,"Bengaluru, IN",2024-12-05,3146.18,948.83,0.775,33463.79,Natural Gas,28.02,2.06,0.05,,0.0,0.0,77.1,5506,20.07,60,29.6,77.8,Cloudy,75,12,ABC Plastics,Packaging,3447.11,0.0006,0.0577,1.7029,0.0021,1.7627,0.00032,,,0.0,0.0,,,1.8294
ORG001,Delhi Office,"Delhi, IN",2024-10-12,1438.35,148.96,0.837,16218.85,CNG,15.27,2.75,1.01,,0.0,0.0,52.0,1215,17.99,45,31.2,67.9,Sunny,31,9,LogiTrans,Raw material,53074.54,0.0008,0.042,1.0792,0.0425,1.1637,0.000958,,,0.0,0.0,,,1.3128
ORG001,Delhi Office,"Delhi, IN",2024-11-26,1318.94,321.57,0.879,12098.56,Petrol,13.92,2.31,0.21,,0.0,0.0,83.3,889,18.24,100,42.8,62.9,Cloudy,37,10,LogiTrans,Logistics,24802.93,0.0012,0.0322,0.8767,0.0298,0.9387,0.001056,,,0.0,0.0,,,0.9268
ORG001,Bengaluru Lab,"Bengaluru, IN",2024-05-07,3152.75,217.58,0.807,29323.54,CNG,14.55,2.75,0.67,,0.0,0.0,92.8,1106,20.12,60,25.6,66.2,Humid,49,8,GreenSteel Co,Raw material,61492.46,0.0008,0.04,2.3687,0.0492,2.4579,0.002222,,,0.0,0.0,,,2.8083
ORG001,Mumbai Plant,"Mumbai, IN",2024-12-13,6390.48,47.03,0.874,55350.87,Diesel,0.0,2.68,0.0,,0.0,0.0,73.7,16941,7.2,15,28.0,43.8,Windy,681,8,LogiTrans,Services,34679.14,0.0004,0.0,5.5442,0.0139,5.5581,0.000328,REC_0171,Optimize HVAC,0.3581,77610.66,9.0,Low,6.3652
ORG001,Bengaluru Lab,"Bengaluru, IN",2024-08-18,3489.89,124.93,0.893,35412.42,Diesel,25.73,2.68,0.69,VEH014,116.42,10.3,46.4,132,21.97,60,26.7,81.8,Sunny,33,12,ElectroParts,Logistics,23106.19,0.0012,0.0966,3.0049,0.0277,3.1292,0.023706,,,0.0,0.0,,,3.5646
ORG001,Bengaluru Lab,"Bengaluru, IN",2024-07-08,1163.53,575.27,0.871,14402.46,Diesel,86.85,2.68,1.2,,0.0,0.0,84.6,3436,5.68,45,28.6,46.2,Rainy,50,8,GreenSteel Co,Logistics,27686.37,0.0012,0.2328,0.5124,0.0332,0.7784,0.000227,REC_0173,Retrofit,0.0771,60968.81,20.0,Low,0.8929
ORG001,Mumbai Plant,"Mumbai, IN",2024-08-12,10399.75,3494.77,0.809,108360.12,Natural Gas,4.47,2.06,2.87,,0.0,0.0,91.1,13206,4.19,5,31.8,53.4,Humid,221,9,GreenSteel Co,Electronics,25146.2,0.0015,0.0092,5.5861,0.0377,5.633,0.000427,,,0.0,0.0,,,5.6411
ORG001,Mumbai Plant,"Mumbai, IN",2024-10-09,7841.22,945.39,0.805,64421.69,Natural Gas,92.98,2.06,0.03,,0.0,0.0,47.5,12940,15.91,100,22.9,39.2,Sunny,87,8,ABC Plastics,Logistics,198.08,0.0012,0.1915,5.5511,0.0002,5.7428,0.000444,REC_0175,Optimize HVAC,1.6339,16026.82,6.0,High,5.9144
ORG001,Delhi Office,"Delhi, IN",2024-04-30,1195.62,76.25,0.862,12399.33,LPG,0.0,1.51,0.0,,0.0,0.0,76.1,854,17.56,75,35.8,55.0,Sunny,10,12,LogiTrans,Electronics,6448.71,0.0015,0.0,0.9649,0.0097,0.9746,0.001141,,,0.0,0.0,,,1.0849
ORG001,Hyderabad Warehouse,"Hyderabad, IN",2024-04-25,1790.52,36.48,0.863,16361.95,Natural Gas,22.03,2.06,1.19,,0.0,0.0,41.2,1158,23.02,75,29.7,76.1,Humid,27,8,GreenSteel Co,Packaging,24879.27,0.0006,0.0454,1.5137,0.0149,1.574,0.001359,,,0.0,0.0,,,1.6323
ORG001,Delhi Office,"Delhi, IN",2024-08-20,1552.61,217.5,0.903,13983.17,Diesel,0.0,2.68,0.0,,0.0,0.0,43.7,1055,19.92,45,20.1,60.9,Rainy,85,9,GreenSteel Co,Raw material,6592.04,0.0008,0.0,1.2056,0.0053,1.2109,0.001148,,,0.0,0.0,,,1.2372
ORG001,Pune HQ,"Pune, IN",2024-09-15,1970.4,23.73,0.889,18166.67,Diesel,85.95,2.68,0.56,,0.0,0.0,51.8,818,15.16,25,31.7,78.9,Cloudy,42,9,PackWise,Raw material,94458.82,0.0008,0.2303,1.7306,0.0756,2.0365,0.00249,REC_0179,Optimize HVAC,0.3501,38671.28,13.0,High,2.1454
ORG001,Mumbai Plant,"Mumbai, IN",2024-12-24,8801.38,3848.63,0.844,72469.46,Diesel,0.0,2.68,0.0,,0.0,0.0,73.8,17584,1.89,45,29.5,26.5,Sunny,316,10,PackWise,Logistics,16111.98,0.0012,0.0,4.1801,0.0193,4.1994,0.000239,REC_0180,Optimize HVAC,0.4705,76614.76,10.0,High,4.5794
ORG001,Delhi Office,"Delhi, IN",2024-07-16,1742.66,461.25,0.846,19216.48,Diesel,0.0,2.68,0.0,,0.0,0.0,54.0,1066,9.61,45,31.5,33.4,Cloudy,68,10,GreenSteel Co,Electronics,3250.52,0.0015,0.0,1.0841,0.0049,1.089,0.001022,,,0.0,0.0,,,1.2197
ORG001,Pune HQ,"Pune, IN",2024-05-16,2296.27,707.23,0.818,17123.3,Petrol,20.46,2.31,0.1,,0.0,0.0,52.2,1142,16.02,15,31.5,55.2,Rainy,14,9,LogiTrans,Packaging,19041.22,0.0006,0.0473,1.2998,0.0114,1.3585,0.00119,,,0.0,0.0,,,1.3333
ORG001,Delhi Office,"Delhi, IN",2024-11-13,1455.56,429.54,0.851,14130.84,Diesel,0.0,2.68,0.0,,0.0,0.0,63.9,1207,6.26,5,31.3,76.2,Humid,64,10,GreenSteel Co,Logistics,11988.85,0.0012,0.0,0.8731,0.0144,0.8875,0.000735,REC_0183,Policy,0.2103,17808.6,21.0,High,0.9566
ORG001,Pune HQ,"Pune, IN",2024-06-13,1705.01,384.05,0.77,15935.1,LPG,0.0,1.51,0.0,,0.0,0.0,35.1,754,8.68,45,19.7,57.1,Sunny,43,8,ABC Plastics,Logistics,2041.69,0.0012,0.0,1.0171,0.0025,1.0196,0.001352,REC_0184,Policy,0.2308,93007.22,13.0,Low,1.1539
ORG001,Hyderabad Warehouse,"Hyderabad, IN",2024-08-12,2659.0,886.19,0.804,20689.38,Petrol,0.0,2.31,0.0,VEH013,99.16,10.28,73.7,603,7.89,15,27.9,41.6,Rainy,56,9,LogiTrans,Packaging,25702.14,0.0006,0.0276,1.4253,0.0154,1.4683,0.002435,,,0.0,0.0,,,1.4944
ORG001,Pune HQ,"Pune, IN",2024-11-02,1466.89,915.85,0.848,11635.06,Diesel,12.53,2.68,1.46,VEH003,245.87,22.69,50.9,794,10.89,100,33.2,68.7,Cloudy,42,8,LogiTrans,Packaging,16516.09,0.0006,0.0944,0.4673,0.0099,0.5716,0.00072,,,0.0,0.0,,,0.5603
ORG001,Delhi Office,"Delhi, IN",2024-08-21,2058.68,902.82,0.854,19207.49,Natural Gas,0.0,2.06,0.0,,0.0,0.0,53.5,575,12.29,25,30.9,49.2,Windy,55,9,ElectroParts,Electronics,41122.4,0.0015,0.0,0.9871,0.0617,1.0488,0.001824,REC_0187,Route optimization,0.1011,87952.52,3.0,High,1.0498
ORG001,Pune HQ,"Pune, IN",2024-06-20,1585.54,540.33,0.732,14454.61,Diesel,24.61,2.68,0.81,,0.0,0.0,63.0,1193,11.98,25,31.5,42.8,Sunny,63,8,ElectroParts,Packaging,33415.99,0.0006,0.066,0.7651,0.02,0.8511,0.000713,REC_0188,Supplier change,0.2056,52141.63,19.0,High,0.9392
ORG001,Mumbai Plant,"Mumbai, IN",2024-05-31,6355.85,303.03,0.787,47502.3,Petrol,0.0,2.31,0.0,VEH001,30.4,3.83,39.8,10648,19.16,60,35.6,47.8,Sunny,244,12,ABC Plastics,Packaging,3525.3,0.0006,0.0103,4.7636,0.0021,4.776,0.000449,,,0.0,0.0,,,4.91
ORG001,Bengaluru Lab,"Bengaluru, IN",2024-11-10,3500.37,754.89,0.728,28562.95,Diesel,0.0,2.68,0.0,,0.0,0.0,57.0,7952,4.06,5,31.9,30.2,Cloudy,171,8,GreenSteel Co,Services,41463.41,0.0004,0.0,1.9987,0.0166,2.0153,0.000253,REC_0190,Optimize HVAC,0.4332,111379.28,20.0,Medium,2.0014
ORG001,Mumbai Plant,"Mumbai, IN",2024-06-08,11875.11,9.85,0.816,107321.96,Petrol,0.0,2.31,0.0,,0.0,0.0,73.2,17642,10.87,45,38.5,40.3,Sunny,147,9,LogiTrans,Raw material,81201.85,0.0008,0.0,9.6821,0.065,9.7471,0.000552,,,0.0,0.0,,,10.2518
ORG001,Pune HQ,"Pune, IN",2024-04-05,1541.42,435.04,0.873,12545.43,Diesel,0.0,2.68,0.0,,0.0,0.0,86.4,739,21.15,100,35.3,47.3,Sunny,44,9,ABC Plastics,Services,45942.98,0.0004,0.0,0.9659,0.0184,0.9843,0.001332,,,0.0,0.0,,,1.0104
ORG001,Hyderabad Warehouse,"Hyderabad, IN",2024-08-20,1579.98,74.03,0.877,12738.47,Diesel,0.0,2.68,0.0,,0.0,0.0,67.5,1154,15.55,45,34.9,46.6,Sunny,20,8,PackWise,Packaging,45553.6,0.0006,0.0,1.3207,0.0273,1.348,0.001168,,,0.0,0.0,,,1.3908
ORG001,Bengaluru Lab,"Bengaluru, IN",2024-06-28,3189.42,1231.81,0.784,35908.72,CNG,0.0,2.75,0.0,VEH011,81.77,7.0,82.4,10284,19.81,60,37.6,25.4,Cloudy,423,12,PackWise,Services,37006.43,0.0004,0.0188,1.5348,0.0148,1.5684,0.000153,,,0.0,0.0,,,1.6595
ORG001,Pune HQ,"Pune, IN",2024-04-22,1881.76,239.26,0.855,19053.64,Natural Gas,49.67,2.06,4.95,,0.0,0.0,42.5,1444,12.62,60,33.8,69.5,Humid,50,8,ElectroParts,Raw material,66000.37,0.0008,0.1023,1.4043,0.0528,1.5594,0.00108,,,0.0,0.0,,,1.7596
ORG001,Delhi Office,"Delhi, IN",2024-11-13,1156.8,104.88,0.772,11488.03,LPG,0.0,1.51,0.0,,0.0,0.0,58.8,753,13.17,25,32.9,37.2,Humid,43,9,PackWise,Services,13081.55,0.0004,0.0,0.8121,0.0052,0.8173,0.001085,,,0.0,0.0,,,0.8987
ORG001,Bengaluru Lab,"Bengaluru, IN",2024-02-21,3190.99,406.09,0.833,31760.43,Petrol,0.0,2.31,0.0,VEH007,194.67,26.45,36.7,3841,18.83,25,36.8,60.4,Rainy,32,8,LogiTrans,Raw material,96374.31,0.0008,0.0709,2.3198,0.0771,2.4678,0.000642,,,0.0,0.0,,,2.8155
ORG001,Hyderabad Warehouse,"Hyderabad, IN",2024-09-24,3186.58,59.09,0.824,28650.78,Natural Gas,0.0,2.06,0.0,,0.0,0.0,34.1,1281,23.92,15,29.1,27.0,Cloudy,35,10,PackWise,Raw material,72131.39,0.0008,0.0,2.5771,0.0577,2.6348,0.002057,,,0.0,0.0,,,2.8672
ORG001,Pune HQ,"Pune, IN",2024-10-21,1463.04,196.45,0.754,12514.76,CNG,0.0,2.75,0.0,VEH017,232.41,24.11,65.6,1300,14.93,25,32.4,70.0,Rainy,29,12,ElectroParts,Logistics,5170.86,0.0012,0.0646,0.955,0.0062,1.0258,0.000789,,,0.0,0.0,,,1.1462
ORG001,Pune HQ,"Pune, IN",2024-04-22,1725.7,247.52,0.767,12039.39,Petrol,22.0,2.31,6.59,,0.0,0.0,93.9,334,20.19,15,28.9,76.3,Rainy,27,10,LogiTrans,Electronics,17934.82,0.0015,0.0508,1.1338,0.0269,1.2115,0.003627,REC_0200,Supplier change,0.2454,73307.23,8.0,Medium,1.3886
ORG001,Delhi Office,"Delhi, IN",2024-04-10,1779.06,651.36,0.832,18878.08,Diesel,42.59,2.68,3.91,VEH003,92.84,10.46,44.3,510,17.15,100,28.0,36.3,Humid,31,9,LogiTrans,Services,19436.73,0.0004,0.1421,0.9382,0.0078,1.0881,0.002134,,,0.0,0.0,,,1.197
ORG001,Pune HQ,"Pune, IN",2024-04-22,2380.63,1131.01,0.776,26627.37,Diesel,0.0,2.68,0.0,,0.0,0.0,45.6,403,13.85,5,24.7,36.4,Humid,47,8,LogiTrans,Raw material,59776.5,0.0008,0.0,0.9697,0.0478,1.0175,0.002525,,,0.0,0.0,,,1.0011
ORG001,Pune HQ,"Pune, IN",2024-03-21,2810.42,655.08,0.872,20105.58,Petrol,0.0,2.31,0.0,,0.0,0.0,35.6,432,11.3,15,38.4,42.2,Sunny,19,8,LogiTrans,Services,45883.22,0.0004,0.0,1.8795,0.0184,1.8979,0.004393,,,0.0,0.0,,,1.9064
ORG001,Bengaluru Lab,"Bengaluru, IN",2024-07-05,3205.22,697.57,0.735,35179.52,Petrol,38.11,2.31,0.74,,0.0,0.0,79.7,6183,5.95,25,30.1,64.8,Cloudy,72,10,LogiTrans,Electronics,75465.91,0.0015,0.088,1.8431,0.1132,2.0443,0.000331,REC_0204,Route optimization,0.502,78030.64,17.0,Low,2.059
ORG001,Delhi Office,"Delhi, IN",2024-04-22,1970.2,148.1,0.886,23996.71,Diesel,2.18,2.68,2.26,VEH011,248.01,22.07,35.9,108,17.39,25,27.9,66.1,Humid,21,9,PackWise,Packaging,29608.8,0.0006,0.0649,1.6144,0.0178,1.6971,0.015714,,,0.0,0.0,,,1.7891
ORG001,Mumbai Plant,"Mumbai, IN",2024-01-02,4181.98,576.39,0.883,37327.15,Diesel,45.97,2.68,3.15,VEH018,172.91,15.29,32.7,16028,19.94,60,30.2,40.2,Cloudy,185,10,GreenSteel Co,Logistics,44043.08,0.0012,0.1642,3.1837,0.0529,3.4008,0.000212,,,0.0,0.0,,,3.2428
ORG001,Hyderabad Warehouse,"Hyderabad, IN",2024-05-09,1580.94,54.44,0.766,18090.02,Petrol,30.4,2.31,3.31,VEH014,245.9,23.01,54.6,645,19.63,15,16.8,41.0,Sunny,56,8,PackWise,Logistics,37934.35,0.0012,0.1319,1.1693,0.0455,1.3467,0.002088,,,0.0,0.0,,,1.5102
ORG001,Pune HQ,"Pune, IN",2024-08-07,1509.77,464.09,0.867,14741.5,Petrol,0.0,2.31,0.0,VEH020,231.98,21.99,31.1,1251,11.38,100,28.9,38.4,Humid,19,9,ElectroParts,Packaging,10883.73,0.0006,0.0589,0.9066,0.0065,0.972,0.000777,,,0.0,0.0,,,1.0093
ORG001,Pune HQ,"Pune, IN",2024-02-23,2279.63,512.05,0.848,22594.24,LPG,0.0,1.51,0.0,,0.0,0.0,77.1,819,14.1,60,21.9,82.8,Sunny,50,12,PackWise,Services,15165.6,0.0004,0.0,1.4989,0.0061,1.505,0.001838,REC_0209,Route optimization,0.204,10950.14,9.0,High,1.6916
ORG001,Bengaluru Lab,"Bengaluru, IN",2024-12-08,4174.45,114.37,0.806,28630.51,Natural Gas,35.34,2.06,5.58,,0.0,0.0,85.3,7126,13.21,5,23.1,31.4,Rainy,135,12,ABC Plastics,Packaging,4162.61,0.0006,0.0728,3.2724,0.0025,3.3477,0.00047,,,0.0,0.0,,,3.246
ORG001,Pune HQ,"Pune, IN",2024-08-11,2087.33,124.13,0.711,20461.21,Diesel,51.53,2.68,0.11,,0.0,0.0,82.5,527,12.85,45,28.1,76.6,Rainy,15,12,LogiTrans,Logistics,37587.68,0.0012,0.1381,1.3958,0.0451,1.579,0.002996,REC_0211,Policy,0.3241,82856.03,18.0,High,1.6021
ORG001,Mumbai Plant,"Mumbai, IN",2024-08-12,7092.72,3862.97,0.753,48843.6,Natural Gas,52.57,2.06,0.04,,0.0,0.0,70.8,15448,6.6,75,24.2,79.5,Windy,496,8,PackWise,Services,20902.27,0.0004,0.1083,2.432,0.0084,2.5487,0.000165,,,0.0,0.0,,,2.5818
ORG001,Mumbai Plant,"Mumbai, IN",2024-05-05,9068.73,1544.5,0.784,83918.93,Diesel,77.96,2.68,2.93,VEH020,63.25,5.77,50.9,17051,22.36,25,27.7,31.4,Humid,170,9,LogiTrans,Electronics,9877.6,0.0015,0.2244,5.899,0.0148,6.1382,0.00036,,,0.0,0.0,,,6.8216
ORG001,Mumbai Plant,"Mumbai, IN",2024-05-09,3187.52,381.27,0.838,34030.02,Petrol,0.0,2.31,0.0,,0.0,0.0,47.8,13514,21.68,100,35.3,83.7,Sunny,277,8,PackWise,Electronics,38395.02,0.0015,0.0,2.3516,0.0576,2.4092,0.000178,,,0.0,0.0,,,2.3364
ORG001,Bengaluru Lab,"Bengaluru, IN",2024-02-22,4509.95,623.72,0.921,46294.53,Diesel,37.24,2.68,2.12,,0.0,0.0,40.3,7269,1.28,15,16.1,71.0,Cloudy,105,10,GreenSteel Co,Services,6932.51,0.0004,0.0998,3.5792,0.0028,3.6818,0.000507,,,0.0,0.0,,,3.5323
ORG001,Pune HQ,"Pune, IN",2024-06-20,1733.91,410.36,0.902,17761.57,Petrol,0.0,2.31,0.0,,0.0,0.0,64.5,0,9.59,75,38.4,79.2,Humid,15,8,PackWise,Logistics,6333.32,0.0012,0.0,1.1938,0.0076,1.2014,0.0,,,0.0,0.0,,,1.1559
ORG001,Pune HQ,"Pune, IN",2024-08-05,902.81,323.11,0.851,8755.88,CNG,0.0,2.75,0.0,,0.0,0.0,49.7,247,10.31,15,25.0,76.3,Humid,6,8,ABC Plastics,Packaging,50300.91,0.0006,0.0,0.4933,0.0302,0.5235,0.002119,,,0.0,0.0,,,0.558
ORG001,Pune HQ,"Pune, IN",2024-06-08,2909.24,275.61,0.761,32685.99,Diesel,4.98,2.68,3.61,VEH017,28.37,2.53,31.0,945,17.02,75,21.2,76.9,Sunny,45,9,ElectroParts,Packaging,28842.74,0.0006,0.0201,2.0042,0.0173,2.0416,0.00216,,,0.0,0.0,,,1.9559
ORG001,Bengaluru Lab,"Bengaluru, IN",2024-07-16,4638.32,317.52,0.904,53358.85,LPG,0.0,1.51,0.0,VEH003,255.86,39.19,73.1,4524,15.51,25,36.0,81.0,Sunny,63,8,GreenSteel Co,Packaging,13092.79,0.0006,0.105,3.906,0.0079,4.0189,0.000888,,,0.0,0.0,,,4.2418
ORG001,Delhi Office,"Delhi, IN",2024-09-03,955.9,20.93,0.929,7079.81,LPG,69.84,1.51,1.2,,0.0,0.0,55.2,422,5.82,45,25.1,50.9,Cloudy,55,10,GreenSteel Co,Logistics,18682.1,0.0012,0.1055,0.8686,0.0224,0.9965,0.002361,REC_0220,Retrofit,0.2163,16418.43,21.0,Medium,1.0329
ORG001,Bengaluru Lab,"Bengaluru, IN",2024-11-19,4086.96,1562.33,0.814,38444.75,Diesel,0.0,2.68,0.0,,0.0,0.0,47.9,5440,23.23,100,19.3,29.0,Sunny,133,12,GreenSteel Co,Raw material,70606.26,0.0008,0.0,2.055,0.0565,2.1115,0.000388,,,0.0,0.0,,,2.0955
ORG001,Delhi Office,"Delhi, IN",2024-07-21,1023.39,118.87,0.799,10997.72,LPG,22.33,1.51,0.15,VEH002,151.23,15.48,48.4,1597,3.89,25,25.3,69.3,Humid,19,10,GreenSteel Co,Electronics,35141.92,0.0015,0.0752,0.7227,0.0527,0.8506,0.000533,,,0.0,0.0,,,0.9053
ORG001,Mumbai Plant,"Mumbai, IN",2024-07-02,10357.59,1789.25,0.924,85869.68,Petrol,69.66,2.31,1.46,,0.0,0.0,50.4,13321,13.94,45,10.6,61.7,Cloudy,318,8,ElectroParts,Raw material,49387.64,0.0008,0.1609,7.9171,0.0395,8.1175,0.000609,REC_0223,Route optimization,2.3975,93764.7,7.0,High,7.8755
ORG001,Hyderabad Warehouse,"Hyderabad, IN",2024-05-02,2504.6,47.76,0.798,18593.37,Natural Gas,0.0,2.06,0.0,,0.0,0.0,61.6,1333,12.12,5,28.9,40.8,Sunny,51,12,PackWise,Electronics,18603.61,0.0015,0.0,1.9606,0.0279,1.9885,0.001492,,,0.0,0.0,,,1.943
ORG001,Mumbai Plant,"Mumbai, IN",2024-09-11,7830.96,143.71,0.895,71843.36,Diesel,54.82,2.68,0.02,,0.0,0.0,93.3,19597,23.23,100,14.2,83.3,Humid,538,8,ElectroParts,Logistics,7834.9,0.0012,0.1469,6.8801,0.0094,7.0364,0.000359,,,0.0,0.0,,,7.0852
ORG001,Delhi Office,"Delhi, IN",2024-10-20,1541.18,451.81,0.781,18152.77,Petrol,0.0,2.31,0.0,VEH013,24.27,2.33,33.1,1142,3.91,100,30.4,76.2,Humid,39,9,PackWise,Electronics,28643.67,0.0015,0.0062,0.8508,0.043,0.9,0.000788,,,0.0,0.0,,,1.0319
ORG001,Hyderabad Warehouse,"Hyderabad, IN",2024-10-06,2111.66,61.48,0.804,13966.32,Diesel,22.54,2.68,0.05,,0.0,0.0,86.9,933,7.23,100,25.5,31.3,Humid,49,9,GreenSteel Co,Logistics,19357.32,0.0012,0.0604,1.6483,0.0232,1.7319,0.001856,,,0.0,0.0,,,1.7435
ORG001,Pune HQ,"Pune, IN",2024-11-20,2144.48,317.49,0.792,21124.75,Diesel,0.0,2.68,0.0,,0.0,0.0,71.0,1102,7.03,5,33.8,26.9,Windy,26,8,ABC Plastics,Raw material,29710.01,0.0008,0.0,1.447,0.0238,1.4708,0.001335,REC_0228,Route optimization,0.5027,12568.81,14.0,High,1.6525
ORG001,Bengaluru Lab,"Bengaluru, IN",2024-04-07,2136.69,1081.63,0.778,16681.2,Petrol,0.0,2.31,0.0,,0.0,0.0,52.9,7092,5.62,60,35.7,46.0,Sunny,200,9,PackWise,Logistics,16065.67,0.0012,0.0,0.8208,0.0193,0.8401,0.000118,,,0.0,0.0,,,0.9168
ORG001,Delhi Office,"Delhi, IN",2024-07-16,2253.58,595.1,0.793,24080.91,Diesel,45.99,2.68,2.13,,0.0,0.0,42.6,515,20.54,75,30.9,36.3,Humid,48,8,GreenSteel Co,Services,36309.84,0.0004,0.1233,1.3152,0.0145,1.453,0.002821,,,0.0,0.0,,,1.4279
ORG001,Bengaluru Lab,"Bengaluru, IN",2024-08-27,2925.16,1179.3,0.848,29371.31,Natural Gas,0.0,2.06,0.0,VEH015,224.19,25.87,35.2,7052,13.44,5,20.5,28.7,Sunny,45,9,ABC Plastics,Services,42911.07,0.0004,0.0693,1.4805,0.0172,1.567,0.000222,REC_0231,Route optimization,0.3534,8667.46,2.0,High,1.511
ORG001,Mumbai Plant,"Mumbai, IN",2024-05-23,15198.93,291.46,0.86,151862.98,Diesel,56.81,2.68,1.17,VEH008,48.09,5.6,66.0,16234,12.65,100,34.5,64.9,Sunny,189,10,ABC Plastics,Electronics,22752.44,0.0015,0.1673,12.8204,0.0341,13.0218,0.000802,,,0.0,0.0,,,13.7262
ORG001,Delhi Office,"Delhi, IN",2024-04-06,1218.81,109.88,0.83,9589.62,Petrol,0.0,2.31,0.0,VEH005,218.22,24.87,64.9,928,10.49,75,27.8,30.6,Sunny,24,12,PackWise,Services,76135.73,0.0004,0.0667,0.9204,0.0305,1.0176,0.001097,,,0.0,0.0,,,1.0911
ORG001,Delhi Office,"Delhi, IN",2024-07-19,978.53,27.61,0.87,10496.6,Diesel,0.0,2.68,0.0,,0.0,0.0,55.9,586,11.93,45,28.8,25.5,Sunny,69,9,ElectroParts,Services,18766.02,0.0004,0.0,0.8273,0.0075,0.8348,0.001425,,,0.0,0.0,,,0.8605
ORG001,Pune HQ,"Pune, IN",2024-05-03,2087.73,360.82,0.86,17651.38,Natural Gas,2.7,2.06,4.04,,0.0,0.0,56.3,993,6.63,25,28.0,58.4,Humid,36,9,LogiTrans,Electronics,1765.62,0.0015,0.0056,1.4851,0.0026,1.4933,0.001504,,,0.0,0.0,,,1.7058
ORG001,Mumbai Plant,"Mumbai, IN",2024-07-05,6726.43,2066.75,0.825,45222.79,Natural Gas,0.0,2.06,0.0,,0.0,0.0,69.8,18733,15.37,60,41.4,41.3,Sunny,132,9,ElectroParts,Services,29786.52,0.0004,0.0,3.8442,0.0119,3.8561,0.000206,,,0.0,0.0,,,3.934
ORG001,Mumbai Plant,"Mumbai, IN",2024-11-21,9667.21,768.61,0.896,85979.27,CNG,28.21,2.75,1.7,,0.0,0.0,85.6,15687,12.74,5,20.0,55.5,Cloudy,119,8,PackWise,Services,8492.55,0.0004,0.0776,7.9731,0.0034,8.0541,0.000513,,,0.0,0.0,,,8.2145
ORG001,Hyderabad Warehouse,"Hyderabad, IN",2024-12-14,2432.07,257.17,0.788,23959.64,Petrol,0.0,2.31,0.0,,0.0,0.0,73.7,319,9.46,15,35.1,54.4,Sunny,38,8,PackWise,Logistics,45559.7,0.0012,0.0,1.7138,0.0547,1.7685,0.005544,REC_0238,Route optimization,0.473,87548.94,2.0,High,1.8853
ORG001,Pune HQ,"Pune, IN",2024-09-15,2217.87,484.08,0.883,19570.06,Natural Gas,19.17,2.06,5.21,,0.0,0.0,42.3,547,17.51,15,29.6,55.8,Rainy,44,9,PackWise,Electronics,20675.27,0.0015,0.0395,1.5309,0.031,1.6014,0.002928,REC_0239,Policy,0.5059,11878.43,13.0,Low,1.8334
ORG001,Pune HQ,"Pune, IN",2024-05-27,1471.34,43.07,0.749,14100.14,Diesel,0.0,2.68,0.0,VEH009,167.09,15.06,79.0,1181,11.45,75,35.3,76.0,Rainy,12,9,GreenSteel Co,Packaging,25350.43,0.0006,0.0404,1.0698,0.0152,1.1254,0.000953,,,0.0,0.0,,,1.2251
ORG001,Hyderabad Warehouse,"Hyderabad, IN",2024-09-08,1961.84,815.54,0.908,25196.47,Natural Gas,0.0,2.06,0.0,,0.0,0.0,34.8,1728,11.58,5,31.6,55.0,Sunny,72,10,ElectroParts,Electronics,63192.81,0.0015,0.0,1.0408,0.0948,1.1356,0.000657,REC_0241,Supplier change,0.2588,68742.23,13.0,High,1.2354
ORG001,Bengaluru Lab,"Bengaluru, IN",2024-12-11,3896.16,1576.69,0.91,39635.35,Petrol,19.77,2.31,0.03,VEH008,102.29,11.39,48.2,365,13.96,60,27.2,84.1,Cloudy,42,8,LogiTrans,Electronics,38169.44,0.0015,0.07619999999999999,2.1107,0.0573,2.2442,0.006148,,,0.0,0.0,,,2.5487
ORG001,Delhi Office,"Delhi, IN",2024-05-26,1376.68,858.91,0.763,14251.06,Petrol,0.0,2.31,0.0,VEH003,340.53,38.86,82.4,956,23.75,45,21.0,69.5,Sunny,19,9,LogiTrans,Logistics,25646.21,0.0012,0.1041,0.3951,0.0308,0.53,0.000554,REC_0243,Optimize HVAC,0.1091,125153.87,17.0,Low,0.5674
ORG001,Mumbai Plant,"Mumbai, IN",2024-05-27,8924.52,237.62,0.781,69343.79,Diesel,70.67,2.68,2.54,,0.0,0.0,76.1,12593,8.02,60,21.1,70.0,Cloudy,126,9,LogiTrans,Packaging,472.25,0.0006,0.1894,6.7845,0.0003,6.9742,0.000554,,,0.0,0.0,,,6.6436
ORG001,Delhi Office,"Delhi, IN",2024-12-17,1482.78,170.72,0.853,14365.31,Diesel,30.75,2.68,0.41,VEH011,187.68,19.39,73.6,1357,7.64,5,29.9,76.3,Sunny,96,8,ElectroParts,Raw material,33019.56,0.0008,0.1344,1.1192,0.0264,1.28,0.000943,REC_0245,Retrofit,0.2404,95216.62,1.0,Medium,1.3832
ORG001,Delhi Office,"Delhi, IN",2024-07-17,772.72,146.6,0.789,8000.33,Diesel,28.06,2.68,1.07,VEH005,299.07,34.81,75.0,1185,13.64,45,26.2,68.8,Sunny,21,9,GreenSteel Co,Logistics,14308.48,0.0012,0.16849999999999998,0.494,0.0172,0.6797,0.000574,REC_0246,Optimize HVAC,0.0581,101143.01,1.0,Medium,0.7154
ORG001,Hyderabad Warehouse,"Hyderabad, IN",2024-11-03,2965.8,110.44,0.746,31814.17,CNG,11.59,2.75,0.02,,0.0,0.0,32.1,251,22.56,75,33.8,25.9,Sunny,10,8,PackWise,Logistics,23668.75,0.0012,0.0319,2.1301,0.0284,2.1904,0.008727,,,0.0,0.0,,,2.3217
ORG001,Bengaluru Lab,"Bengaluru, IN",2024-05-07,3272.98,1707.38,0.813,35981.5,Diesel,26.81,2.68,2.46,,0.0,0.0,88.3,5855,9.97,75,29.4,59.6,Sunny,99,9,GreenSteel Co,Raw material,47363.98,0.0008,0.0719,1.2728,0.0379,1.3826,0.000236,,,0.0,0.0,,,1.5378
ORG001,Bengaluru Lab,"Bengaluru, IN",2024-02-08,3316.17,1075.7,0.86,27051.61,Diesel,64.18,2.68,2.49,VEH014,34.86,3.17,86.1,4661,18.54,15,29.6,44.4,Windy,207,8,PackWise,Packaging,896.27,0.0006,0.1805,1.9268,0.0005,2.1078,0.000452,,,0.0,0.0,,,2.2491
ORG001,Mumbai Plant,"Mumbai, IN",2024-12-03,5667.87,2126.17,0.885,55412.45,Petrol,0.0,2.31,0.0,,0.0,0.0,87.2,13493,23.99,75,23.4,53.1,Cloudy,557,9,ElectroParts,Electronics,3410.87,0.0015,0.0,3.1344,0.0051,3.1395,0.000233,,,0.0,0.0,,,3.5701
ORG001,Hyderabad Warehouse,"Hyderabad, IN",2024-12-25,1744.25,236.81,0.865,15326.64,Petrol,4.6,2.31,1.15,,0.0,0.0,81.0,1372,20.13,15,26.6,66.2,Humid,52,12,PackWise,Raw material,8646.23,0.0008,0.0106,1.3039,0.0069,1.3214,0.000963,,,0.0,0.0,,,1.4417
ORG001,Pune HQ,"Pune, IN",2024-05-08,2365.17,529.73,0.723,25246.2,Petrol,18.29,2.31,3.66,,0.0,0.0,71.4,811,5.31,25,18.3,73.2,Sunny,47,9,GreenSteel Co,Electronics,8893.7,0.0015,0.0422,1.327,0.0133,1.3825,0.001705,,,0.0,0.0,,,1.5349
ORG001,Hyderabad Warehouse,"Hyderabad, IN",2024-09-23,3525.09,855.16,0.891,30395.11,Petrol,41.94,2.31,0.11,,0.0,0.0,91.2,1109,6.51,15,31.7,77.2,Sunny,51,10,PackWise,Services,22519.55,0.0004,0.0969,2.3789,0.009,2.4848,0.002241,,,0.0,0.0,,,2.5387
ORG001,Bengaluru Lab,"Bengaluru, IN",2024-05-30,4092.06,99.45,0.72,32572.83,CNG,7.2,2.75,0.55,VEH001,165.11,17.41,51.5,6518,6.78,45,36.3,47.2,Cloudy,102,10,ElectroParts,Electronics,68620.39,0.0015,0.0665,2.8747,0.1029,3.0441,0.000467,,,0.0,0.0,,,3.4355
ORG001,Bengaluru Lab,"Bengaluru, IN",2024-10-24,3846.27,773.42,0.875,36674.64,CNG,30.78,2.75,0.42,,0.0,0.0,68.0,4454,19.23,60,27.2,82.7,Sunny,106,10,PackWise,Raw material,8255.76,0.0008,0.0846,2.6887,0.0066,2.7799,0.000624,,,0.0,0.0,,,3.0097
ORG001,Bengaluru Lab,"Bengaluru, IN",2024-04-08,3496.67,1422.61,0.728,34311.32,Natural Gas,12.27,2.06,0.0,VEH012,193.84,17.45,69.6,3882,23.3,5,25.6,43.6,Cloudy,54,8,LogiTrans,Electronics,24634.56,0.0015,0.0721,1.5099,0.037,1.619,0.000417,REC_0256,Policy,0.2766,52305.36,7.0,Medium,1.5751
ORG001,Delhi Office,"Delhi, IN",2024-09-19,1412.59,234.49,0.827,14389.85,Diesel,1.51,2.68,3.06,,0.0,0.0,38.2,548,9.03,60,12.3,26.2,Humid,43,8,PackWise,Services,30160.11,0.0004,0.004,0.9743,0.0121,0.9904,0.001807,,,0.0,0.0,,,1.0
ORG001,Bengaluru Lab,"Bengaluru, IN",2024-09-08,3961.86,561.05,0.786,32117.47,CNG,4.75,2.75,0.8,VEH018,32.74,3.08,37.8,3698,5.54,25,34.8,42.4,Cloudy,122,8,ElectroParts,Logistics,20386.23,0.0012,0.021400000000000002,2.673,0.0245,2.7189,0.000735,,,0.0,0.0,,,2.6433
ORG001,Mumbai Plant,"Mumbai, IN",2024-05-23,5584.48,1675.71,0.803,56608.88,Diesel,0.0,2.68,0.0,,0.0,0.0,62.9,13009,13.51,45,25.0,45.5,Sunny,119,9,PackWise,Logistics,5097.62,0.0012,0.0,3.1387,0.0061,3.1448,0.000242,,,0.0,0.0,,,3.1152
ORG001,Hyderabad Warehouse,"Hyderabad, IN",2024-12-11,1243.35,456.33,0.801,13672.53,LPG,0.0,1.51,0.0,,0.0,0.0,73.4,1147,0.97,75,20.4,76.6,Sunny,14,10,LogiTrans,Electronics,68597.91,0.0015,0.0,0.6304,0.1029,0.7333,0.000639,REC_0260,Supplier change,0.2035,102216.1,1.0,Medium,0.7469
ORG001,Delhi Office,"Delhi, IN",2024-04-21,1554.54,136.15,0.905,14118.62,Diesel,0.0,2.68,0.0,,0.0,0.0,51.4,770,14.11,75,32.2,51.8,Sunny,29,8,PackWise,Raw material,59031.08,0.0008,0.0,1.2836,0.0472,1.3308,0.001728,,,0.0,0.0,,,1.4882
ORG001,Delhi Office,"Delhi, IN",2024-02-29,1521.74,288.63,0.8,13549.63,Natural Gas,0.0,2.06,0.0,,0.0,0.0,79.3,662,19.05,60,17.5,26.8,Cloudy,30,8,PackWise,Packaging,9675.24,0.0006,0.0,0.9865,0.0058,0.9923,0.001499,REC_0262,Policy,0.305,5929.03,11.0,Medium,0.9836
ORG001,Hyderabad Warehouse,"Hyderabad, IN",2024-01-02,2432.41,577.15,0.844,22543.69,CNG,56.79,2.75,1.24,,0.0,0.0,83.4,282,11.23,5,29.3,77.8,Sunny,10,9,PackWise,Logistics,46276.25,0.0012,0.1562,1.5658,0.0555,1.7775,0.006303,REC_0263,Retrofit,0.35,68526.48,17.0,High,2.0058
ORG001,Hyderabad Warehouse,"Hyderabad, IN",2024-10-30,2813.23,347.1,0.9,27075.23,LPG,0.0,1.51,0.0,,0.0,0.0,37.4,713,9.53,60,20.9,57.3,Cloudy,21,8,PackWise,Logistics,37961.63,0.0012,0.0,2.2195,0.0456,2.2651,0.003177,,,0.0,0.0,,,2.2292
ORG001,Delhi Office,"Delhi, IN",2024-09-10,2152.85,823.42,0.85,20351.95,Petrol,0.0,2.31,0.0,,0.0,0.0,41.4,849,8.59,5,23.9,76.5,Windy,50,10,ElectroParts,Services,2664.18,0.0004,0.0,1.13,0.0011,1.1311,0.001332,,,0.0,0.0,,,1.267
ORG001,Hyderabad Warehouse,"Hyderabad, IN",2024-05-19,3119.6,999.95,0.765,29103.65,Diesel,0.0,2.68,0.0,,0.0,0.0,79.4,893,6.09,45,21.2,25.7,Sunny,17,8,ABC Plastics,Electronics,14373.92,0.0015,0.0,1.6215,0.0216,1.6431,0.00184,,,0.0,0.0,,,1.624
ORG001,Bengaluru Lab,"Bengaluru, IN",2024-02-06,1974.23,360.35,0.85,16062.83,LPG,35.57,1.51,3.91,VEH019,264.83,24.1,37.5,9254,16.68,60,23.2,75.6,Sunny,105,12,ElectroParts,Raw material,69003.97,0.0008,0.1183,1.3718,0.0552,1.5453,0.000167,,,0.0,0.0,,,1.7164
ORG001,Delhi Office,"Delhi, IN",2024-06-08,1840.91,324.01,0.794,18443.64,Diesel,15.16,2.68,0.76,VEH003,45.08,4.26,31.2,587,22.42,100,26.1,53.1,Humid,45,12,PackWise,Logistics,23041.51,0.0012,0.052,1.2044,0.0276,1.284,0.002187,,,0.0,0.0,,,1.2635
ORG001,Pune HQ,"Pune, IN",2024-01-09,2078.52,638.85,0.848,18920.53,Diesel,0.0,2.68,0.0,,0.0,0.0,87.5,899,10.85,60,21.3,40.1,Windy,25,8,PackWise,Logistics,49905.78,0.0012,0.0,1.2208,0.0599,1.2807,0.001425,REC_0269,Optimize HVAC,0.2271,40025.21,2.0,Medium,1.2224
ORG001,Pune HQ,"Pune, IN",2024-08-20,822.24,338.97,0.735,7506.4,Diesel,0.0,2.68,0.0,,0.0,0.0,73.0,667,19.61,25,31.4,48.9,Cloudy,50,10,ABC Plastics,Packaging,47591.42,0.0006,0.0,0.3552,0.0286,0.3838,0.000575,REC_0270,Route optimization,0.0297,8206.55,26.0,High,0.4168
ORG001,Mumbai Plant,"Mumbai, IN",2024-04-08,10811.43,1995.6,0.837,113404.75,Petrol,52.07,2.31,0.64,,0.0,0.0,55.2,11996,20.67,5,22.5,41.1,Sunny,96,8,PackWise,Packaging,41826.98,0.0006,0.1203,7.3788,0.0251,7.5242,0.000627,,,0.0,0.0,,,7.4814
ORG001,Pune HQ,"Pune, IN",2024-05-26,1616.84,183.23,0.725,16097.63,Diesel,0.0,2.68,0.0,,0.0,0.0,72.6,726,9.67,60,24.4,50.1,Rainy,14,10,GreenSteel Co,Electronics,84093.13,0.0015,0.0,1.0394,0.1261,1.1655,0.001605,REC_0272,Retrofit,0.1124,41339.39,1.0,High,1.2405
ORG001,Delhi Office,"Delhi, IN",2024-10-30,1081.56,373.97,0.854,9728.15,Diesel,0.0,2.68,0.0,,0.0,0.0,44.4,764,6.94,75,25.3,58.3,Humid,18,9,LogiTrans,Packaging,6536.23,0.0006,0.0,0.6043,0.0039,0.6082,0.000796,,,0.0,0.0,,,0.61
ORG001,Pune HQ,"Pune, IN",2024-07-26,2615.35,245.35,0.767,24844.08,Diesel,34.3,2.68,1.3,,0.0,0.0,55.7,791,23.37,75,31.7,27.1,Cloudy,17,8,PackWise,Packaging,29430.19,0.0006,0.0919,1.8178,0.0177,1.9274,0.002437,REC_0274,Supplier change,0.644,8920.57,11.0,High,1.8542
ORG001,Mumbai Plant,"Mumbai, IN",2024-05-10,5747.05,291.6,0.807,61019.52,Petrol,16.37,2.31,1.86,,0.0,0.0,31.6,18145,18.98,45,28.1,61.3,Windy,164,9,PackWise,Packaging,5773.3,0.0006,0.0378,4.4026,0.0035,4.4439,0.000245,,,0.0,0.0,,,4.5326
ORG001,Pune HQ,"Pune, IN",2024-05-31,2635.64,651.76,0.862,25355.5,Petrol,0.0,2.31,0.0,,0.0,0.0,85.0,1707,1.53,100,32.2,54.7,Sunny,42,10,ABC Plastics,Electronics,25531.57,0.0015,0.0,1.7101,0.0383,1.7484,0.001024,,,0.0,0.0,,,1.952
ORG001,Delhi Office,"Delhi, IN",2024-02-23,993.78,158.41,0.792,9082.14,Diesel,0.0,2.68,0.0,,0.0,0.0,35.2,149,2.16,5,23.2,41.9,Sunny,13,9,ABC Plastics,Services,25.14,0.0004,0.0,0.6616,0.0,0.6616,0.00444,REC_0277,Supplier change,0.1285,57187.45,14.0,Medium,0.6546
ORG001,Pune HQ,"Pune, IN",2024-04-29,1794.25,448.26,0.746,17639.64,Petrol,71.06,2.31,3.26,,0.0,0.0,38.3,334,6.11,60,25.9,54.4,Sunny,9,8,ABC Plastics,Packaging,5596.16,0.0006,0.1641,1.0041,0.0034,1.1716,0.003508,REC_0278,Optimize HVAC,0.1709,96535.04,10.0,High,1.1168
ORG001,Mumbai Plant,"Mumbai, IN",2024-06-09,5583.24,619.48,0.795,64525.48,LPG,23.0,1.51,1.29,,0.0,0.0,46.8,15058,11.54,45,37.6,41.9,Sunny,166,8,GreenSteel Co,Raw material,59857.59,0.0008,0.0347,3.9462,0.0479,4.0288,0.000268,REC_0279,Supplier change,0.2456,9451.27,18.0,High,4.4393
ORG001,Delhi Office,"Delhi, IN",2024-04-25,1739.25,79.05,0.767,19066.34,Natural Gas,23.05,2.06,2.13,VEH002,173.56,14.85,50.1,1170,18.8,15,24.1,59.4,Humid,43,8,ABC Plastics,Logistics,9128.93,0.0012,0.0873,1.2734,0.011,1.3717,0.001172,,,0.0,0.0,,,1.5753
ORG001,Hyderabad Warehouse,"Hyderabad, IN",2024-03-15,2354.65,534.9,0.814,24634.45,CNG,1.52,2.75,1.21,VEH007,138.81,12.98,83.6,1019,17.37,5,37.4,63.9,Sunny,19,8,ABC Plastics,Services,43548.09,0.0004,0.039,1.4813,0.0174,1.5377,0.001509,REC_0281,Supplier change,0.3353,66105.39,8.0,Low,1.513
ORG001,Pune HQ,"Pune, IN",2024-04-22,2047.54,1056.36,0.752,16565.25,Petrol,10.57,2.31,1.83,,0.0,0.0,33.4,817,7.8,45,32.2,79.8,Rainy,53,9,GreenSteel Co,Logistics,55397.15,0.0012,0.0244,0.7454,0.0665,0.8363,0.001024,,,0.0,0.0,,,0.9595
ORG001,Mumbai Plant,"Mumbai, IN",2024-04-13,10887.34,1397.74,0.794,107579.28,Petrol,0.0,2.31,0.0,,0.0,0.0,62.6,18330,8.57,75,29.8,48.6,Sunny,399,9,GreenSteel Co,Electronics,5918.51,0.0015,0.0,7.5347,0.0089,7.5436,0.000412,,,0.0,0.0,,,7.7537
ORG001,Mumbai Plant,"Mumbai, IN",2024-12-05,8485.91,1424.45,0.849,75505.74,CNG,0.0,2.75,0.0,VEH004,26.88,2.84,79.5,16321,0.64,25,29.9,76.1,Cloudy,109,9,ElectroParts,Logistics,6889.0,0.0012,0.0076,5.9952,0.0083,6.0111,0.000368,,,0.0,0.0,,,6.5058
ORG001,Hyderabad Warehouse,"Hyderabad, IN",2024-09-10,2482.88,91.83,0.868,28359.62,Diesel,32.94,2.68,2.07,,0.0,0.0,54.2,445,6.3,15,35.7,58.2,Sunny,17,10,PackWise,Packaging,56890.43,0.0006,0.0883,2.0754,0.0341,2.1978,0.004939,,,0.0,0.0,,,2.3132
ORG001,Delhi Office,"Delhi, IN",2024-08-14,1207.73,250.46,0.809,11550.37,Petrol,41.63,2.31,1.99,,0.0,0.0,49.6,773,13.91,25,44.3,80.7,Cloudy,7,8,LogiTrans,Logistics,22740.6,0.0012,0.0962,0.7744,0.0273,0.8979,0.001162,,,0.0,0.0,,,0.9401
ORG001,Bengaluru Lab,"Bengaluru, IN",2024-04-21,4269.25,1588.66,0.838,32559.74,Diesel,53.4,2.68,2.42,,0.0,0.0,94.0,375,3.32,5,25.1,48.8,Cloudy,36,12,ElectroParts,Services,13661.8,0.0004,0.1431,2.2463,0.0055,2.3949,0.006386,,,0.0,0.0,,,2.3286
ORG001,Pune HQ,"Pune, IN",2024-04-08,2260.32,267.49,0.736,23090.65,Petrol,39.22,2.31,3.48,VEH004,104.61,9.58,85.7,843,2.57,75,17.6,47.2,Rainy,28,8,GreenSteel Co,Packaging,20234.85,0.0006,0.1163,1.4667,0.0121,1.5951,0.001892,,,0.0,0.0,,,1.7689
ORG001,Delhi Office,"Delhi, IN",2024-06-01,1638.02,89.09,0.761,19470.51,Diesel,23.1,2.68,4.11,VEH004,271.75,23.07,81.5,43,7.78,45,24.9,80.8,Rainy,45,8,ElectroParts,Raw material,17087.9,0.0008,0.1237,1.1787,0.0137,1.3161,0.030607,,,0.0,0.0,,,1.4616
ORG001,Delhi Office,"Delhi, IN",2024-12-14,1544.67,101.07,0.762,13568.92,LPG,0.0,1.51,0.0,,0.0,0.0,88.0,218,17.26,75,30.3,40.0,Cloudy,48,8,LogiTrans,Services,20018.97,0.0004,0.0,1.1,0.008,1.108,0.005083,,,0.0,0.0,,,1.175
ORG001,Mumbai Plant,"Mumbai, IN",2024-12-31,10901.1,1655.79,0.856,88952.48,Natural Gas,96.31,2.06,3.59,,0.0,0.0,42.0,18360,15.38,100,30.8,32.6,Humid,191,8,PackWise,Electronics,13690.47,0.0015,0.1984,7.914,0.0205,8.1329,0.000443,,,0.0,0.0,,,8.2687
ORG001,Pune HQ,"Pune, IN",2024-12-03,2069.48,259.39,0.854,18558.41,Diesel,1.35,2.68,0.53,,0.0,0.0,66.6,542,0.14,15,25.3,35.9,Rainy,18,8,GreenSteel Co,Raw material,37286.03,0.0008,0.0036,1.5458,0.0298,1.5792,0.002914,,,0.0,0.0,,,1.7574
ORG001,Bengaluru Lab,"Bengaluru, IN",2024-07-12,3882.14,697.78,0.911,46687.38,LPG,0.0,1.51,0.0,VEH019,23.22,1.79,81.5,6035,13.99,5,36.4,25.2,Cloudy,85,9,GreenSteel Co,Raw material,57779.79,0.0008,0.0048,2.901,0.0462,2.952,0.000489,,,0.0,0.0,,,3.3042
ORG001,Hyderabad Warehouse,"Hyderabad, IN",2024-11-05,2834.66,1160.44,0.792,39023.97,LPG,26.18,1.51,0.26,VEH010,58.01,5.23,33.6,616,15.0,100,30.4,32.6,Sunny,49,9,ElectroParts,Raw material,47918.65,0.0008,0.0535,1.326,0.0383,1.4178,0.002302,,,0.0,0.0,,,1.4856
ORG001,Hyderabad Warehouse,"Hyderabad, IN",2024-06-11,3682.51,530.31,0.779,30304.97,Petrol,3.47,2.31,2.98,VEH019,78.8,7.38,74.7,0,15.2,15,27.7,41.8,Sunny,26,9,ABC Plastics,Packaging,12190.13,0.0006,0.027800000000000002,2.4556,0.0073,2.4907,0.0,,,0.0,0.0,,,2.4782
ORG001,Hyderabad Warehouse,"Hyderabad, IN",2024-07-26,1665.63,210.21,0.881,19034.68,LPG,0.0,1.51,0.0,,0.0,0.0,93.0,1787,10.68,25,21.4,79.1,Humid,59,8,ElectroParts,Electronics,9460.14,0.0015,0.0,1.2822,0.0142,1.2964,0.000725,REC_0296,Policy,0.2568,602.26,9.0,High,1.3217
ORG001,Delhi Office,"Delhi, IN",2024-06-17,1852.88,535.53,0.756,15956.73,Natural Gas,19.47,2.06,0.15,,0.0,0.0,84.8,909,4.28,25,31.6,70.9,Sunny,43,8,LogiTrans,Raw material,78291.54,0.0008,0.0401,0.9959,0.0626,1.0986,0.001209,,,0.0,0.0,,,1.2581
ORG001,Mumbai Plant,"Mumbai, IN",2024-06-09,5920.39,2183.91,0.871,60554.75,Petrol,13.77,2.31,1.01,,0.0,0.0,66.5,16897,7.09,5,24.8,72.3,Humid,351,10,ElectroParts,Packaging,10998.59,0.0006,0.0318,3.2545,0.0066,3.2929,0.000195,,,0.0,0.0,,,3.5954
ORG001,Bengaluru Lab,"Bengaluru, IN",2024-03-08,3405.98,262.01,0.868,33782.2,Diesel,0.0,2.68,0.0,,0.0,0.0,66.7,7834,1.36,60,29.3,25.7,Sunny,64,9,ABC Plastics,Electronics,31468.48,0.0015,0.0,2.729,0.0472,2.7762,0.000354,,,0.0,0.0,,,2.6765
ORG001,Hyderabad Warehouse,"Hyderabad, IN",2024-10-15,3151.12,316.38,0.832,35856.06,Diesel,9.95,2.68,3.68,VEH016,88.74,9.27,33.5,573,14.32,100,30.8,70.2,Sunny,34,9,ABC Plastics,Electronics,12730.72,0.0015,0.051500000000000004,2.3585,0.0191,2.4291,0.004239,,,0.0,0.0,,,2.3764
ORG001,Hyderabad Warehouse,"Hyderabad, IN",2024-10-03,1550.62,271.63,0.809,15885.67,Petrol,0.0,2.31,0.0,VEH012,258.71,23.5,40.7,741,9.26,60,21.0,39.3,Sunny,54,9,PackWise,Logistics,17360.66,0.0012,0.063,1.0347,0.0208,1.1185,0.001509,REC_0301,Retrofit,0.2064,57398.19,3.0,High,1.2548
ORG001,Bengaluru Lab,"Bengaluru, IN",2024-10-30,3814.87,1024.71,0.831,33582.47,LPG,21.59,1.51,2.51,,0.0,0.0,48.4,5123,20.05,25,24.3,35.1,Sunny,45,12,PackWise,Logistics,25875.95,0.0012,0.0326,2.3186,0.0311,2.3823,0.000465,,,0.0,0.0,,,2.3966
ORG001,Hyderabad Warehouse,"Hyderabad, IN",2024-05-14,3189.22,605.08,0.823,27111.2,Petrol,0.0,2.31,0.0,,0.0,0.0,43.6,1011,1.78,25,28.5,69.2,Cloudy,42,12,ElectroParts,Packaging,29802.92,0.0006,0.0,2.1268,0.0179,2.1447,0.002121,REC_0303,Policy,0.1326,23741.29,13.0,Low,2.0983
ORG001,Mumbai Plant,"Mumbai, IN",2024-07-13,9847.73,2421.27,0.808,74376.97,Natural Gas,0.0,2.06,0.0,,0.0,0.0,34.9,12136,11.06,100,36.0,82.8,Sunny,210,9,ElectroParts,Services,9845.86,0.0004,0.0,6.0006,0.0039,6.0045,0.000495,,,0.0,0.0,,,6.4659
ORG001,Pune HQ,"Pune, IN",2024-05-07,2043.99,396.87,0.755,17612.47,Diesel,12.23,2.68,1.27,,0.0,0.0,37.5,1356,19.84,45,35.9,41.5,Cloudy,23,10,PackWise,Electronics,30533.97,0.0015,0.0328,1.2436,0.0458,1.3222,0.000975,,,0.0,0.0,,,1.4438
ORG001,Mumbai Plant,"Mumbai, IN",2024-02-02,8993.17,2442.02,0.777,83130.04,Diesel,11.68,2.68,2.53,,0.0,0.0,33.3,11614,5.31,5,17.7,25.9,Sunny,145,9,PackWise,Services,14794.01,0.0004,0.0313,5.0902,0.0059,5.1274,0.000441,,,0.0,0.0,,,5.6577
ORG001,Hyderabad Warehouse,"Hyderabad, IN",2024-06-24,1821.41,544.92,0.788,12597.77,Diesel,19.23,2.68,0.04,,0.0,0.0,41.1,849,18.57,45,25.8,26.4,Sunny,26,9,LogiTrans,Packaging,26127.26,0.0006,0.0515,1.0059,0.0157,1.0731,0.001264,REC_0307,Retrofit,0.3274,40668.46,3.0,High,1.2172
ORG001,Bengaluru Lab,"Bengaluru, IN",2024-01-22,4394.63,388.35,0.741,36198.33,Natural Gas,0.0,2.06,0.0,VEH008,33.21,3.51,75.2,6916,6.87,75,23.6,73.0,Humid,94,8,ABC Plastics,Packaging,22063.67,0.0006,0.0094,2.9687,0.0132,2.9913,0.000433,,,0.0,0.0,,,2.9208
ORG001,Mumbai Plant,"Mumbai, IN",2024-08-25,623.27,170.8,0.788,5243.6,Diesel,52.72,2.68,1.65,,0.0,0.0,42.7,10383,15.4,45,24.0,77.2,Sunny,130,10,PackWise,Logistics,30789.68,0.0012,0.1413,0.3565,0.0369,0.5347,5.1e-05,REC_0309,Supplier change,0.1196,104087.49,1.0,Medium,0.5813
ORG001,Delhi Office,"Delhi, IN",2024-06-06,1374.08,190.19,0.824,13414.5,LPG,52.43,1.51,0.71,,0.0,0.0,84.3,774,9.44,45,30.9,71.0,Sunny,8,10,PackWise,Services,56168.14,0.0004,0.0792,0.9755,0.0225,1.0772,0.001392,,,0.0,0.0,,,1.0697
ORG001,Bengaluru Lab,"Bengaluru, IN",2024-02-07,3624.29,865.04,0.762,34430.43,Diesel,0.0,2.68,0.0,,0.0,0.0,39.5,4886,17.61,60,27.9,35.2,Rainy,60,9,ElectroParts,Electronics,6659.6,0.0015,0.0,2.1025,0.01,2.1125,0.000432,REC_0311,Optimize HVAC,0.626,83669.37,7.0,High,2.0653
ORG001,Delhi Office,"Delhi, IN",2024-08-17,1301.98,107.58,0.824,15144.26,Natural Gas,9.72,2.06,1.22,,0.0,0.0,84.1,1389,15.83,25,34.9,80.9,Humid,12,9,LogiTrans,Raw material,91471.58,0.0008,0.02,0.9842,0.0732,1.0774,0.000776,,,0.0,0.0,,,1.0713
ORG001,Bengaluru Lab,"Bengaluru, IN",2024-12-30,3290.57,414.77,0.829,34747.21,Petrol,51.73,2.31,3.44,VEH016,54.5,4.8,61.0,4319,4.44,75,32.7,57.0,Cloudy,101,8,LogiTrans,Logistics,62268.14,0.0012,0.1324,2.384,0.0747,2.5911,0.0006,,,0.0,0.0,,,2.7426
ORG001,Bengaluru Lab,"Bengaluru, IN",2024-02-20,2744.47,673.61,0.824,25607.67,Natural Gas,66.2,2.06,4.06,,0.0,0.0,51.3,5688,3.26,15,24.2,32.9,Rainy,57,8,PackWise,Logistics,32983.52,0.0012,0.1364,1.7064,0.0396,1.8824,0.000331,,,0.0,0.0,,,2.0118
ORG001,Mumbai Plant,"Mumbai, IN",2024-09-20,5996.76,833.76,0.784,62704.24,LPG,90.83,1.51,0.87,,0.0,0.0,78.8,11922,11.86,100,31.6,77.9,Cloudy,131,9,LogiTrans,Packaging,41740.32,0.0006,0.1372,4.0478,0.025,4.21,0.000353,REC_0315,Policy,1.3679,41825.77,7.0,High,4.8385
ORG001,Mumbai Plant,"Mumbai, IN",2024-10-09,10383.59,3972.47,0.906,101139.4,Petrol,0.0,2.31,0.0,,0.0,0.0,61.4,12194,9.61,15,25.3,56.3,Humid,113,8,LogiTrans,Packaging,25214.66,0.0006,0.0,5.8085,0.0151,5.8236,0.000478,,,0.0,0.0,,,5.7358
ORG001,Bengaluru Lab,"Bengaluru, IN",2024-01-27,3220.15,1132.94,0.819,23941.17,LPG,0.0,1.51,0.0,,0.0,0.0,67.3,6742,23.15,75,35.6,65.4,Humid,89,8,ElectroParts,Packaging,1539.13,0.0006,0.0,1.7094,0.0009,1.7103,0.000254,,,0.0,0.0,,,1.8707
ORG001,Bengaluru Lab,"Bengaluru, IN",2024-08-13,3704.98,935.21,0.769,33564.03,Natural Gas,0.0,2.06,0.0,,0.0,0.0,84.9,3000,22.52,25,41.2,81.9,Sunny,64,8,ElectroParts,Raw material,58392.44,0.0008,0.0,2.13,0.0467,2.1767,0.000726,,,0.0,0.0,,,2.2994
ORG001,Delhi Office,"Delhi, IN",2024-10-03,1869.78,655.08,0.852,13725.47,CNG,0.0,2.75,0.0,,0.0,0.0,55.1,1012,1.99,5,35.6,65.6,Sunny,53,9,ElectroParts,Logistics,15018.88,0.0012,0.0,1.0349,0.018,1.0529,0.00104,,,0.0,0.0,,,1.0571
ORG001,Bengaluru Lab,"Bengaluru, IN",2024-10-12,2751.79,102.3,0.792,29951.03,Petrol,0.0,2.31,0.0,,0.0,0.0,81.1,3185,18.48,45,25.1,58.9,Rainy,126,8,ABC Plastics,Logistics,104589.88,0.0012,0.0,2.0984,0.1255,2.2239,0.000698,REC_0320,Supplier change,0.666,51139.73,12.0,Medium,2.3218
ORG001,Mumbai Plant,"Mumbai, IN",2024-04-06,5168.46,1598.12,0.807,37351.11,Diesel,65.74,2.68,3.38,,0.0,0.0,51.1,18991,2.99,15,27.3,33.8,Rainy,233,9,PackWise,Electronics,7372.78,0.0015,0.1762,2.8813,0.0111,3.0686,0.000162,,,0.0,0.0,,,3.3762
ORG001,Delhi Office,"Delhi, IN",2024-10-10,1712.0,504.15,0.835,16599.47,Diesel,10.77,2.68,0.6,VEH018,100.78,9.64,73.7,1107,0.13,15,28.4,81.2,Windy,24,8,GreenSteel Co,Electronics,23459.6,0.0015,0.0547,1.0086,0.0352,1.0985,0.000992,,,0.0,0.0,,,1.0655
ORG001,Hyderabad Warehouse,"Hyderabad, IN",2024-11-12,3068.33,111.02,0.777,32080.69,Petrol,0.0,2.31,0.0,,0.0,0.0,63.3,915,3.29,45,37.0,56.6,Sunny,22,10,PackWise,Electronics,6461.23,0.0015,0.0,2.2978,0.0097,2.3075,0.002522,,,0.0,0.0,,,2.3044
ORG001,Bengaluru Lab,"Bengaluru, IN",2024-10-30,3520.54,2039.34,0.869,29809.59,LPG,3.66,1.51,7.68,,0.0,0.0,66.2,5876,0.77,25,41.0,26.0,Cloudy,204,9,ABC Plastics,Raw material,17759.71,0.0008,0.0055,1.2872,0.0142,1.3069,0.000222,,,0.0,0.0,,,1.4973
ORG001,Bengaluru Lab,"Bengaluru, IN",2024-05-26,2339.74,1347.5,0.829,22353.29,Diesel,0.0,2.68,0.0,VEH010,126.84,17.08,50.8,4431,0.86,60,23.6,26.5,Cloudy,117,8,GreenSteel Co,Electronics,8956.19,0.0015,0.0458,0.8226,0.0134,0.8818,0.000199,,,0.0,0.0,,,0.8413
ORG001,Pune HQ,"Pune, IN",2024-01-04,2110.78,471.32,0.83,19514.07,Diesel,0.0,2.68,0.0,,0.0,0.0,43.0,742,2.96,100,22.3,25.9,Sunny,36,9,GreenSteel Co,Packaging,14009.24,0.0006,0.0,1.3608,0.0084,1.3692,0.001845,,,0.0,0.0,,,1.4096
ORG001,Hyderabad Warehouse,"Hyderabad, IN",2024-02-04,2185.22,234.99,0.649,15939.47,Natural Gas,4.28,2.06,0.28,,0.0,0.0,82.7,10,19.87,75,32.5,32.5,Sunny,8,9,ElectroParts,Packaging,9092.23,0.0006,0.0088,1.2657,0.0055,1.28,0.128,,,0.0,0.0,,,1.2518
ORG001,Pune HQ,"Pune, IN",2024-07-10,709.12,28.35,0.841,5208.94,LPG,30.42,1.51,0.58,,0.0,0.0,51.7,784,4.5,5,26.6,43.1,Sunny,52,9,PackWise,Services,20277.41,0.0004,0.0459,0.5725,0.0081,0.6265,0.000799,,,0.0,0.0,,,0.6701
ORG001,Bengaluru Lab,"Bengaluru, IN",2024-02-18,4174.19,399.68,0.886,43857.79,LPG,31.11,1.51,4.55,,0.0,0.0,93.5,8588,16.81,5,30.6,30.5,Rainy,86,8,ElectroParts,Packaging,42620.67,0.0006,0.047,3.3442,0.0256,3.4168,0.000398,REC_0329,Route optimization,0.6557,90186.89,24.0,High,3.5054
ORG001,Hyderabad Warehouse,"Hyderabad, IN",2024-01-17,3039.41,323.2,0.887,32427.34,Diesel,7.7,2.68,0.48,,0.0,0.0,50.7,976,23.62,45,24.9,66.9,Sunny,78,12,PackWise,Services,19843.46,0.0004,0.0206,2.4093,0.0079,2.4378,0.002498,,,0.0,0.0,,,2.4058
ORG001,Delhi Office,"Delhi, IN",2024-06-20,1773.94,194.19,0.812,15796.83,Petrol,0.0,2.31,0.0,,0.0,0.0,76.7,565,14.02,15,28.0,74.8,Sunny,21,9,LogiTrans,Packaging,38934.94,0.0006,0.0,1.2828,0.0234,1.3062,0.002312,,,0.0,0.0,,,1.4272
ORG001,Bengaluru Lab,"Bengaluru, IN",2024-08-07,4538.84,249.19,0.877,36690.68,LPG,0.0,1.51,0.0,,0.0,0.0,53.3,8637,21.79,100,22.3,25.3,Cloudy,109,8,PackWise,Packaging,23435.76,0.0006,0.0,3.762,0.0141,3.7761,0.000437,,,0.0,0.0,,,3.7561
ORG001,Pune HQ,"Pune, IN",2024-06-06,2916.28,936.83,0.795,22518.39,Diesel,29.71,2.68,1.73,VEH010,174.58,20.11,81.1,1004,6.0,25,23.7,49.1,Rainy,41,12,LogiTrans,Logistics,43262.28,0.0012,0.1335,1.5737,0.0519,1.7591,0.001752,,,0.0,0.0,,,1.8429
ORG001,Mumbai Plant,"Mumbai, IN",2024-02-15,7991.84,1410.81,0.775,57046.36,Natural Gas,0.0,2.06,0.0,,0.0,0.0,40.2,14041,17.8,25,35.0,47.0,Cloudy,137,12,ABC Plastics,Logistics,1903.02,0.0012,0.0,5.1003,0.0023,5.1026,0.000363,,,0.0,0.0,,,5.0341
ORG001,Bengaluru Lab,"Bengaluru, IN",2024-01-06,3498.4,425.5,0.823,36099.31,Diesel,0.0,2.68,0.0,,0.0,0.0,42.6,8839,3.13,5,31.9,39.8,Cloudy,74,9,LogiTrans,Raw material,3606.58,0.0008,0.0,2.529,0.0029,2.5319,0.000286,REC_0335,Policy,0.3796,7127.64,1.0,Medium,2.5505
ORG001,Bengaluru Lab,"Bengaluru, IN",2024-04-08,2188.74,663.57,0.8,21281.76,CNG,46.99,2.75,0.7,VEH018,49.24,4.3,40.2,7634,6.59,75,40.9,61.1,Sunny,86,8,GreenSteel Co,Logistics,34610.07,0.0012,0.14070000000000002,1.2201,0.0415,1.4023,0.000184,,,0.0,0.0,,,1.4154
ORG001,Delhi Office,"Delhi, IN",2024-08-20,1674.33,425.04,0.751,14112.96,Natural Gas,52.6,2.06,2.85,,0.0,0.0,93.2,381,6.4,75,32.0,81.7,Sunny,31,12,GreenSteel Co,Electronics,27765.46,0.0015,0.1084,0.9382,0.0416,1.0882,0.002856,,,0.0,0.0,,,1.2303
ORG001,Mumbai Plant,"Mumbai, IN",2024-02-06,4728.64,643.07,0.8,47504.31,CNG,50.61,2.75,0.92,,0.0,0.0,53.4,15344,13.73,60,36.6,75.4,Rainy,293,8,LogiTrans,Services,14449.31,0.0004,0.1392,3.2685,0.0058,3.4135,0.000222,,,0.0,0.0,,,3.4145
ORG001,Delhi Office,"Delhi, IN",2024-10-06,1257.07,250.46,0.827,13971.86,Diesel,30.94,2.68,2.48,,0.0,0.0,63.1,1318,17.93,25,22.8,72.8,Sunny,29,8,ElectroParts,Services,49068.62,0.0004,0.0829,0.8325,0.0196,0.935,0.000709,,,0.0,0.0,,,1.0393
ORG001,Pune HQ,"Pune, IN",2024-12-14,1683.21,10.13,0.814,17772.76,Natural Gas,0.0,2.06,0.0,,0.0,0.0,58.1,1210,9.91,45,27.0,67.8,Humid,82,10,LogiTrans,Raw material,82735.38,0.0008,0.0,1.3619,0.0662,1.4281,0.00118,,,0.0,0.0,,,1.4431
ORG001,Bengaluru Lab,"Bengaluru, IN",2024-10-28,3587.43,1019.98,0.774,39118.17,LPG,57.73,1.51,0.96,,0.0,0.0,60.4,7045,1.75,60,22.8,31.3,Humid,125,8,GreenSteel Co,Packaging,16014.38,0.0006,0.0872,1.9872,0.0096,2.084,0.000296,,,0.0,0.0,,,2.1985
ORG001,Hyderabad Warehouse,"Hyderabad, IN",2024-06-29,2940.61,442.87,0.771,23161.93,CNG,0.0,2.75,0.0,,0.0,0.0,88.6,859,9.84,60,27.0,78.7,Sunny,43,8,GreenSteel Co,Packaging,3707.32,0.0006,0.0,1.9258,0.0022,1.928,0.002244,,,0.0,0.0,,,2.0729
ORG001,Delhi Office,"Delhi, IN",2024-04-04,1618.53,126.03,0.848,13473.21,Diesel,0.0,2.68,0.0,VEH006,108.33,10.22,51.1,741,23.11,25,32.5,69.9,Humid,25,8,LogiTrans,Raw material,15043.99,0.0008,0.0274,1.2656,0.012,1.305,0.001761,,,0.0,0.0,,,1.4822
ORG001,Bengaluru Lab,"Bengaluru, IN",2024-04-08,2099.45,297.95,0.817,19153.42,Diesel,0.0,2.68,0.0,VEH018,334.5,35.48,70.1,1072,16.38,100,23.2,82.6,Sunny,48,10,GreenSteel Co,Packaging,6283.32,0.0006,0.0951,1.4718,0.0038,1.5707,0.001465,,,0.0,0.0,,,1.5727
ORG001,Mumbai Plant,"Mumbai, IN",2024-07-06,5601.48,777.86,0.888,37318.05,LPG,0.0,1.51,0.0,,0.0,0.0,33.1,14560,14.13,15,34.0,64.1,Sunny,469,8,ABC Plastics,Raw material,48056.83,0.0008,0.0,4.2834,0.0384,4.3218,0.000297,REC_0345,Optimize HVAC,0.5049,53717.43,8.0,Medium,4.5962
ORG001,Pune HQ,"Pune, IN",2024-04-25,2792.29,538.13,0.852,24615.28,Petrol,15.62,2.31,0.92,,0.0,0.0,51.2,761,17.47,45,17.5,81.4,Rainy,18,8,ElectroParts,Packaging,28617.16,0.0006,0.0361,1.9205,0.0172,1.9738,0.002594,,,0.0,0.0,,,2.1035
ORG001,Mumbai Plant,"Mumbai, IN",2024-07-09,5797.43,1439.3,0.854,49855.02,Diesel,0.0,2.68,0.0,,0.0,0.0,85.4,8513,18.16,75,30.5,53.9,Rainy,202,8,GreenSteel Co,Electronics,25369.2,0.0015,0.0,3.7218,0.0381,3.7599,0.000442,REC_0347,Optimize HVAC,0.2382,40550.53,13.0,Medium,3.5858
ORG001,Bengaluru Lab,"Bengaluru, IN",2024-09-09,3373.93,652.93,0.754,28120.96,Natural Gas,30.62,2.06,2.78,,0.0,0.0,76.1,5660,16.92,5,24.7,40.1,Sunny,79,8,ABC Plastics,Raw material,125163.47,0.0008,0.0631,2.0516,0.1001,2.2148,0.000391,,,0.0,0.0,,,2.4134
ORG001,Hyderabad Warehouse,"Hyderabad, IN",2024-06-09,2217.72,944.7,0.804,13295.37,Diesel,6.77,2.68,2.21,,0.0,0.0,45.1,238,21.54,45,34.9,45.3,Humid,47,8,ElectroParts,Packaging,3706.77,0.0006,0.0181,1.0235,0.0022,1.0438,0.004386,,,0.0,0.0,,,1.0644
ORG001,Hyderabad Warehouse,"Hyderabad, IN",2024-09-12,2331.41,289.97,0.748,26945.22,Petrol,48.48,2.31,3.58,,0.0,0.0,67.5,932,4.84,100,31.9,65.0,Sunny,30,8,PackWise,Electronics,16823.56,0.0015,0.112,1.527,0.0252,1.6642,0.001786,REC_0350,Supplier change,0.1752,127051.43,12.0,Medium,1.5956
ORG001,Hyderabad Warehouse,"Hyderabad, IN",2024-11-18,2838.54,1146.24,0.879,31011.23,CNG,0.0,2.75,0.0,,0.0,0.0,85.7,751,6.89,5,22.3,67.5,Sunny,27,12,PackWise,Packaging,7635.94,0.0006,0.0,1.4875,0.0046,1.4921,0.001987,,,0.0,0.0,,,1.4431
ORG001,Pune HQ,"Pune, IN",2024-05-07,1845.5,239.59,0.908,17055.9,CNG,0.0,2.75,0.0,,0.0,0.0,78.1,1069,9.72,25,24.9,80.9,Sunny,69,9,GreenSteel Co,Raw material,108075.83,0.0008,0.0,1.4582,0.0865,1.5447,0.001445,REC_0352,Optimize HVAC,0.1859,55434.24,4.0,High,1.6808
ORG001,Delhi Office,"Delhi, IN",2024-01-18,1826.45,987.54,0.8,16669.15,Diesel,53.82,2.68,2.14,,0.0,0.0,56.8,965,11.37,5,25.2,25.3,Rainy,35,9,LogiTrans,Electronics,32451.7,0.0015,0.1442,0.6711,0.0487,0.864,0.000895,,,0.0,0.0,,,0.8312
ORG001,Bengaluru Lab,"Bengaluru, IN",2024-10-07,2189.92,1004.69,0.866,18728.17,Petrol,37.32,2.31,1.72,,0.0,0.0,86.1,2309,18.6,5,24.7,36.5,Humid,83,9,ABC Plastics,Raw material,53365.57,0.0008,0.0862,1.0264,0.0427,1.1553,0.0005,,,0.0,0.0,,,1.3169
ORG001,Delhi Office,"Delhi, IN",2024-08-10,1484.09,437.61,0.901,12726.8,Natural Gas,0.0,2.06,0.0,,0.0,0.0,64.0,0,21.39,45,26.7,79.8,Sunny,22,8,PackWise,Electronics,50883.14,0.0015,0.0,0.9429,0.0763,1.0192,0.0,,,0.0,0.0,,,1.1593
ORG001,Bengaluru Lab,"Bengaluru, IN",2024-02-23,4233.73,1908.93,0.731,42997.43,LPG,0.0,1.51,0.0,,0.0,0.0,38.5,1290,19.23,75,30.7,61.9,Humid,53,10,ABC Plastics,Services,39293.05,0.0004,0.0,1.6994,0.0157,1.7151,0.00133,,,0.0,0.0,,,1.9349
ORG001,Delhi Office,"Delhi, IN",2024-02-27,1806.23,94.08,0.864,17868.31,Petrol,70.93,2.31,6.45,VEH002,131.77,12.24,55.9,880,22.87,45,28.9,29.3,Rainy,38,8,GreenSteel Co,Logistics,3368.72,0.0012,0.1966,1.4793,0.004,1.6799,0.001909,,,0.0,0.0,,,1.8751
ORG001,Delhi Office,"Delhi, IN",2024-11-18,980.43,215.62,0.812,10226.22,Natural Gas,14.57,2.06,6.91,,0.0,0.0,46.8,35,11.77,25,25.6,49.4,Sunny,30,9,ElectroParts,Packaging,19802.49,0.0006,0.03,0.621,0.0119,0.6629,0.01894,,,0.0,0.0,,,0.6632
ORG001,Mumbai Plant,"Mumbai, IN",2024-12-25,12373.09,3027.51,0.826,86370.49,Natural Gas,44.18,2.06,0.09,,0.0,0.0,64.5,17181,9.8,15,23.1,28.7,Sunny,182,8,ABC Plastics,Logistics,36147.09,0.0012,0.091,7.7194,0.0434,7.8538,0.000457,,,0.0,0.0,,,8.1997
ORG001,Delhi Office,"Delhi, IN",2024-06-22,848.28,415.98,0.806,9220.68,Petrol,0.0,2.31,0.0,,0.0,0.0,47.7,376,21.0,25,29.5,44.1,Sunny,31,8,ABC Plastics,Services,12693.19,0.0004,0.0,0.3484,0.0051,0.3535,0.00094,,,0.0,0.0,,,0.3812
ORG001,Mumbai Plant,"Mumbai, IN",2024-10-06,5547.91,592.92,0.813,62257.64,Diesel,0.0,2.68,0.0,,0.0,0.0,71.8,11122,21.65,25,30.5,42.3,Sunny,84,8,PackWise,Services,30875.11,0.0004,0.0,4.0284,0.0124,4.0408,0.000363,,,0.0,0.0,,,4.0456
ORG001,Mumbai Plant,"Mumbai, IN",2024-04-23,9358.59,962.92,0.921,89616.7,Diesel,43.1,2.68,3.57,,0.0,0.0,91.3,16561,16.13,60,21.9,44.5,Humid,145,8,ElectroParts,Services,28032.47,0.0004,0.1155,7.7324,0.0112,7.8591,0.000475,REC_0362,Policy,2.3813,66788.62,13.0,Medium,8.9443
ORG001,Bengaluru Lab,"Bengaluru, IN",2024-10-14,3582.61,178.98,0.768,31430.56,Natural Gas,0.0,2.06,0.0,,0.0,0.0,51.2,6640,22.05,60,18.5,63.4,Cloudy,187,8,GreenSteel Co,Services,20385.83,0.0004,0.0,2.614,0.0082,2.6222,0.000395,,,0.0,0.0,,,2.8789
ORG001,Hyderabad Warehouse,"Hyderabad, IN",2024-12-07,2790.21,761.04,0.891,28489.56,CNG,0.0,2.75,0.0,,0.0,0.0,44.8,771,3.4,100,26.3,27.3,Sunny,50,8,PackWise,Electronics,71072.0,0.0015,0.0,1.808,0.1066,1.9146,0.002483,,,0.0,0.0,,,1.9878
ORG001,Pune HQ,"Pune, IN",2024-05-30,1622.85,123.98,0.773,13377.33,Petrol,11.63,2.31,0.71,,0.0,0.0,84.3,1450,13.4,75,46.9,77.6,Cloudy,24,9,PackWise,Packaging,48168.02,0.0006,0.0269,1.1586,0.0289,1.2144,0.000838,,,0.0,0.0,,,1.2371
ORG001,Bengaluru Lab,"Bengaluru, IN",2024-05-06,3995.72,643.24,0.751,46292.78,Petrol,0.0,2.31,0.0,,0.0,0.0,91.9,7286,0.6,75,26.2,41.4,Sunny,86,10,ElectroParts,Electronics,30926.01,0.0015,0.0,2.5177,0.0464,2.5641,0.000352,,,0.0,0.0,,,2.7816
ORG001,Hyderabad Warehouse,"Hyderabad, IN",2024-06-03,2427.14,463.64,0.777,21823.41,Diesel,0.0,2.68,0.0,,0.0,0.0,79.5,493,6.3,75,31.9,63.0,Sunny,37,8,LogiTrans,Services,24678.97,0.0004,0.0,1.5256,0.0099,1.5355,0.003115,,,0.0,0.0,,,1.6759
ORG001,Hyderabad Warehouse,"Hyderabad, IN",2024-09-29,2848.77,68.42,0.814,25923.36,Diesel,15.5,2.68,0.25,VEH020,154.99,17.47,34.4,808,11.16,45,22.1,33.6,Humid,20,8,ABC Plastics,Services,52388.58,0.0004,0.0883,2.2632,0.021,2.3725,0.002936,,,0.0,0.0,,,2.2602
ORG001,Hyderabad Warehouse,"Hyderabad, IN",2024-04-13,2900.5,161.09,0.793,30151.57,Petrol,0.0,2.31,0.0,,0.0,0.0,62.7,314,14.17,75,27.2,49.2,Sunny,28,10,ABC Plastics,Logistics,14074.48,0.0012,0.0,2.1723,0.0169,2.1892,0.006972,REC_0369,Optimize HVAC,0.2046,107005.01,14.0,High,2.0817
ORG001,Delhi Office,"Delhi, IN",2024-10-25,1414.32,346.87,0.815,12836.57,Diesel,22.97,2.68,0.59,VEH007,52.31,4.94,34.2,233,10.42,100,27.4,69.7,Cloudy,48,8,LogiTrans,Raw material,74792.67,0.0008,0.0748,0.87,0.0598,1.0046,0.004312,,,0.0,0.0,,,1.0308
ORG001,Delhi Office,"Delhi, IN",2024-09-02,1173.08,599.32,0.921,12895.28,Diesel,0.0,2.68,0.0,,0.0,0.0,71.2,172,3.04,45,21.3,57.7,Sunny,20,10,GreenSteel Co,Logistics,50481.4,0.0012,0.0,0.5284,0.0606,0.589,0.003424,REC_0371,Route optimization,0.1407,89833.84,11.0,Medium,0.5945
ORG001,Mumbai Plant,"Mumbai, IN",2024-06-24,6538.27,1890.7,0.783,72670.11,Natural Gas,0.0,2.06,0.0,VEH006,68.12,6.76,84.0,17084,8.76,15,38.2,47.2,Sunny,256,12,ElectroParts,Raw material,74744.85,0.0008,0.0181,3.639,0.0598,3.7169,0.000218,,,0.0,0.0,,,4.1388
ORG001,Mumbai Plant,"Mumbai, IN",2024-02-08,9383.67,1438.83,0.786,98630.57,Petrol,101.71,2.31,2.84,,0.0,0.0,83.7,12248,12.54,100,22.2,84.2,Sunny,141,9,GreenSteel Co,Raw material,16468.1,0.0008,0.235,6.2446,0.0132,6.4928,0.00053,,,0.0,0.0,,,6.5827
ORG001,Pune HQ,"Pune, IN",2024-06-18,2095.32,472.64,0.869,20929.42,LPG,0.0,1.51,0.0,VEH014,133.0,11.13,44.5,863,18.81,5,27.8,74.7,Cloudy,56,8,PackWise,Services,44507.66,0.0004,0.0298,1.4101,0.0178,1.4577,0.001689,,,0.0,0.0,,,1.4576
ORG001,Hyderabad Warehouse,"Hyderabad, IN",2024-09-03,2566.66,440.76,0.801,25348.31,Diesel,0.0,2.68,0.0,,0.0,0.0,37.3,1546,23.94,100,25.6,65.6,Sunny,45,8,PackWise,Packaging,14493.89,0.0006,0.0,1.7028,0.0087,1.7115,0.001107,,,0.0,0.0,,,1.8386
ORG001,Mumbai Plant,"Mumbai, IN",2024-01-26,9310.42,1103.97,0.88,83039.7,Petrol,0.0,2.31,0.0,,0.0,0.0,76.1,19229,17.1,45,28.2,70.4,Sunny,128,12,ABC Plastics,Logistics,23218.91,0.0012,0.0,7.2217,0.0279,7.2496,0.000377,,,0.0,0.0,,,7.2124
ORG001,Mumbai Plant,"Mumbai, IN",2024-12-20,7263.36,922.72,0.816,81006.85,LPG,67.04,1.51,1.59,,0.0,0.0,41.7,15042,17.38,5,37.5,56.5,Sunny,206,8,LogiTrans,Packaging,8411.48,0.0006,0.1012,5.174,0.005,5.2802,0.000351,,,0.0,0.0,,,5.4535
ORG001,Delhi Office,"Delhi, IN",2024-11-01,1887.87,37.33,0.827,16064.21,Diesel,0.0,2.68,0.0,VEH015,230.8,22.74,49.9,1046,11.89,45,30.7,67.9,Cloudy,21,8,ABC Plastics,Logistics,6584.74,0.0012,0.0609,1.5304,0.0079,1.5992,0.001529,,,0.0,0.0,,,1.7363
ORG001,Hyderabad Warehouse,"Hyderabad, IN",2024-01-13,2454.7,395.83,0.855,24687.69,Diesel,0.0,2.68,0.0,VEH009,55.41,5.86,75.7,740,21.39,15,21.8,27.0,Sunny,36,10,ElectroParts,Logistics,1255.89,0.0012,0.0157,1.7603,0.0015,1.7775,0.002402,,,0.0,0.0,,,1.8174
ORG001,Mumbai Plant,"Mumbai, IN",2024-11-11,5858.03,1278.32,0.916,53657.12,LPG,0.0,1.51,0.0,VEH014,20.83,1.95,79.9,17403,20.06,15,38.0,41.2,Sunny,245,9,ABC Plastics,Services,718.12,0.0004,0.0052,4.195,0.0003,4.2005,0.000241,,,0.0,0.0,,,4.2023
ORG001,Delhi Office,"Delhi, IN",2024-11-08,1221.72,212.92,0.864,12738.46,CNG,0.0,2.75,0.0,,0.0,0.0,80.8,626,8.53,75,29.4,29.6,Sunny,30,8,GreenSteel Co,Logistics,18077.07,0.0012,0.0,0.8716,0.0217,0.8933,0.001427,,,0.0,0.0,,,0.8552
ORG001,Delhi Office,"Delhi, IN",2024-02-05,1749.66,976.2,0.789,15161.4,Petrol,18.58,2.31,2.12,VEH009,237.48,22.46,90.3,464,11.14,100,20.7,35.8,Windy,39,9,GreenSteel Co,Raw material,41009.2,0.0008,0.1031,0.6103,0.0328,0.7462,0.001608,REC_0382,Policy,0.1229,19461.39,6.0,High,0.7383
ORG001,Delhi Office,"Delhi, IN",2024-06-21,1557.25,432.71,0.784,14482.21,Petrol,1.73,2.31,4.0,,0.0,0.0,67.2,654,13.67,60,31.0,58.7,Sunny,54,8,ABC Plastics,Logistics,842.46,0.0012,0.004,0.8816,0.001,0.8866,0.001356,,,0.0,0.0,,,0.9265
ORG001,Hyderabad Warehouse,"Hyderabad, IN",2024-01-20,2109.99,393.59,0.808,20904.14,Diesel,35.25,2.68,2.81,,0.0,0.0,90.8,646,2.03,45,33.0,55.6,Rainy,61,10,LogiTrans,Services,8262.2,0.0004,0.0945,1.3868,0.0033,1.4846,0.002298,,,0.0,0.0,,,1.6202
ORG001,Delhi Office,"Delhi, IN",2024-11-16,2272.35,255.09,0.826,18688.63,Petrol,0.0,2.31,0.0,VEH019,258.0,24.02,77.3,1132,20.88,100,30.2,64.6,Sunny,61,8,LogiTrans,Electronics,47343.76,0.0015,0.0644,1.6663,0.071,1.8017,0.001592,REC_0385,Policy,0.4539,46551.32,3.0,Medium,2.0344
ORG001,Hyderabad Warehouse,"Hyderabad, IN",2024-09-20,1897.85,257.38,0.748,18853.81,Petrol,25.63,2.31,1.15,,0.0,0.0,83.2,1042,6.97,45,23.2,77.6,Sunny,48,12,ABC Plastics,Electronics,8981.59,0.0015,0.0592,1.2271,0.0135,1.2998,0.001247,,,0.0,0.0,,,1.4271
ORG001,Hyderabad Warehouse,"Hyderabad, IN",2024-05-21,2376.08,444.06,0.812,20943.37,CNG,44.15,2.75,4.4,,0.0,0.0,79.2,397,12.77,100,29.0,72.6,Sunny,4,8,LogiTrans,Electronics,3148.59,0.0015,0.1214,1.5688,0.0047,1.6949,0.004269,REC_0387,Route optimization,0.4044,62361.87,1.0,Medium,1.89
ORG001,Bengaluru Lab,"Bengaluru, IN",2024-05-22,2623.16,285.17,0.819,24274.26,Diesel,0.0,2.68,0.0,,0.0,0.0,92.3,12013,14.39,60,23.2,51.6,Sunny,95,8,LogiTrans,Services,6695.05,0.0004,0.0,1.9148,0.0027,1.9175,0.00016,REC_0388,Policy,0.3989,64664.25,10.0,Low,2.2034
ORG001,Bengaluru Lab,"Bengaluru, IN",2024-04-01,2769.48,5.23,0.756,27798.56,CNG,0.0,2.75,0.0,,0.0,0.0,86.8,7013,5.54,15,30.1,35.6,Sunny,95,8,ElectroParts,Electronics,23406.05,0.0015,0.0,2.0898,0.0351,2.1249,0.000303,,,0.0,0.0,,,2.3346
ORG001,Hyderabad Warehouse,"Hyderabad, IN",2024-12-19,3167.21,184.95,0.818,26640.02,Diesel,33.97,2.68,5.17,,0.0,0.0,51.7,638,6.54,100,25.3,30.3,Rainy,20,12,PackWise,Raw material,77507.94,0.0008,0.091,2.4395,0.062,2.5925,0.004063,,,0.0,0.0,,,2.6235
ORG001,Bengaluru Lab,"Bengaluru, IN",2024-11-17,3610.53,385.0,0.758,37745.72,Petrol,8.17,2.31,3.68,,0.0,0.0,56.1,7694,3.63,60,34.4,56.9,Sunny,113,12,ElectroParts,Raw material,31195.31,0.0008,0.0189,2.445,0.025,2.4889,0.000323,REC_0391,Route optimization,0.6358,113646.44,16.0,High,2.38
ORG001,Mumbai Plant,"Mumbai, IN",2024-10-14,9640.96,1237.7,0.859,83117.01,Natural Gas,0.0,2.06,0.0,,0.0,0.0,86.5,16143,23.04,25,27.8,74.3,Sunny,92,9,PackWise,Packaging,58009.01,0.0006,0.0,7.2184,0.0348,7.2532,0.000449,,,0.0,0.0,,,8.3038
ORG001,Delhi Office,"Delhi, IN",2024-08-02,802.63,372.75,0.767,8436.17,CNG,18.28,2.75,3.09,,0.0,0.0,43.6,740,4.72,5,36.6,26.4,Cloudy,22,12,ElectroParts,Packaging,8818.63,0.0006,0.0503,0.3297,0.0053,0.3853,0.000521,,,0.0,0.0,,,0.3784
ORG001,Mumbai Plant,"Mumbai, IN",2024-12-07,9888.27,4437.64,0.833,77373.65,Diesel,59.09,2.68,0.42,VEH001,44.61,3.57,66.5,15734,1.64,25,28.4,33.9,Windy,182,10,ABC Plastics,Logistics,6122.05,0.0012,0.168,4.5404,0.0073,4.7157,0.0003,,,0.0,0.0,,,4.5104
ORG001,Pune HQ,"Pune, IN",2024-02-20,2970.35,307.34,0.863,23086.97,Natural Gas,0.0,2.06,0.0,,0.0,0.0,47.7,574,20.38,45,25.6,76.7,Sunny,24,10,ElectroParts,Services,15213.94,0.0004,0.0,2.2982,0.0061,2.3043,0.004014,,,0.0,0.0,,,2.6405
ORG001,Mumbai Plant,"Mumbai, IN",2024-06-01,11447.35,3797.44,0.756,104607.04,Diesel,0.0,2.68,0.0,VEH001,115.88,13.19,82.1,17013,8.38,25,32.5,74.4,Sunny,230,12,LogiTrans,Services,2087.17,0.0004,0.0353,5.7833,0.0008,5.8194,0.000342,,,0.0,0.0,,,5.8456
ORG001,Mumbai Plant,"Mumbai, IN",2024-07-04,12016.95,3099.61,0.779,117610.8,Natural Gas,32.82,2.06,1.21,VEH002,171.87,15.17,57.5,18302,22.16,60,33.6,42.7,Sunny,557,10,GreenSteel Co,Electronics,65468.52,0.0015,0.1083,6.9466,0.0982,7.1531,0.000391,,,0.0,0.0,,,7.372
ORG001,Delhi Office,"Delhi, IN",2024-03-03,1779.15,353.08,0.799,16440.6,Natural Gas,0.0,2.06,0.0,VEH017,71.82,10.03,63.4,271,19.43,60,31.4,58.0,Sunny,27,12,PackWise,Packaging,5274.69,0.0006,0.0269,1.1394,0.0032,1.1695,0.004315,,,0.0,0.0,,,1.303
ORG001,Pune HQ,"Pune, IN",2024-07-08,2990.33,102.26,0.852,33307.56,Diesel,14.38,2.68,2.28,,0.0,0.0,81.5,944,1.64,60,24.9,76.7,Humid,54,9,GreenSteel Co,Services,22770.86,0.0004,0.0385,2.4606,0.0091,2.5082,0.002657,,,0.0,0.0,,,2.7013
ORG001,Hyderabad Warehouse,"Hyderabad, IN",2024-05-04,2502.96,344.95,0.773,23544.13,Diesel,33.34,2.68,0.59,,0.0,0.0,53.1,0,5.51,75,26.7,53.4,Windy,38,9,PackWise,Electronics,6217.26,0.0015,0.0894,1.6681,0.0093,1.7668,0.0,,,0.0,0.0,,,1.6923
ORG001,Bengaluru Lab,"Bengaluru, IN",2024-05-29,3745.41,351.5,0.872,38513.37,Diesel,49.89,2.68,0.02,,0.0,0.0,51.0,7659,7.19,15,28.5,83.9,Sunny,78,8,ABC Plastics,Electronics,11592.36,0.0015,0.1337,2.9595,0.0174,3.1106,0.000406,,,0.0,0.0,,,3.0293
ORG001,Mumbai Plant,"Mumbai, IN",2024-11-09,7234.83,293.33,0.903,77203.32,Diesel,8.3,2.68,2.9,,0.0,0.0,49.0,13025,1.95,75,26.6,62.5,Humid,251,10,LogiTrans,Electronics,42584.13,0.0015,0.0222,6.2682,0.0639,6.3543,0.000488,,,0.0,0.0,,,6.5842
ORG001,Bengaluru Lab,"Bengaluru, IN",2024-02-27,3992.48,402.47,0.746,38121.83,CNG,24.54,2.75,2.54,,0.0,0.0,74.2,1965,16.42,60,21.5,25.7,Sunny,42,12,LogiTrans,Packaging,28641.13,0.0006,0.0675,2.6782,0.0172,2.7629,0.001406,REC_0403,Optimize HVAC,0.3641,47353.36,25.0,Medium,2.6519
ORG001,Pune HQ,"Pune, IN",2024-12-07,2333.72,319.96,0.893,22177.27,Diesel,0.0,2.68,0.0,,0.0,0.0,52.2,631,19.49,75,40.4,72.4,Sunny,22,10,ABC Plastics,Logistics,9424.6,0.0012,0.0,1.7983,0.0113,1.8096,0.002868,,,0.0,0.0,,,1.7957
ORG001,Delhi Office,"Delhi, IN",2024-10-31,1063.05,420.98,0.741,9546.67,Diesel,9.63,2.68,3.34,,0.0,0.0,79.7,796,22.91,5,18.1,42.1,Humid,40,9,LogiTrans,Electronics,24207.04,0.0015,0.0258,0.4758,0.0363,0.5379,0.000676,,,0.0,0.0,,,0.5126
ORG001,Mumbai Plant,"Mumbai, IN",2024-06-28,8056.27,5788.17,0.809,82007.09,Diesel,0.0,2.68,0.0,,0.0,0.0,73.1,14819,20.91,60,35.8,69.2,Sunny,269,10,PackWise,Packaging,38959.16,0.0006,0.0,1.8349,0.0234,1.8583,0.000125,,,0.0,0.0,,,1.9182
ORG001,Mumbai Plant,"Mumbai, IN",2024-06-18,5284.07,584.95,0.856,51316.59,Diesel,24.54,2.68,1.02,VEH013,199.0,17.05,65.5,16106,15.98,75,29.0,59.2,Sunny,157,8,ElectroParts,Raw material,2333.6,0.0008,0.11149999999999999,4.0224,0.0019,4.1358,0.000257,,,0.0,0.0,,,4.3288
ORG001,Mumbai Plant,"Mumbai, IN",2024-11-21,8798.38,740.16,0.838,72370.99,Diesel,0.0,2.68,0.0,,0.0,0.0,32.8,11560,18.99,25,13.8,25.9,Humid,176,8,PackWise,Raw material,56769.99,0.0008,0.0,6.7528,0.0454,6.7982,0.000588,,,0.0,0.0,,,7.7772
ORG001,Delhi Office,"Delhi, IN",2024-09-27,1347.56,82.99,0.828,11020.33,Natural Gas,0.0,2.06,0.0,,0.0,0.0,49.0,1288,8.39,15,21.1,50.8,Sunny,28,10,LogiTrans,Packaging,2996.26,0.0006,0.0,1.0471,0.0018,1.0489,0.000814,REC_0409,Supplier change,0.119,70166.09,6.0,High,1.1628
ORG001,Delhi Office,"Delhi, IN",2024-02-23,1441.4,628.64,0.808,14563.07,Natural Gas,0.0,2.06,0.0,,0.0,0.0,76.7,351,16.02,45,21.4,47.5,Windy,41,8,LogiTrans,Raw material,37895.06,0.0008,0.0,0.6567,0.0303,0.687,0.001957,,,0.0,0.0,,,0.6743
ORG001,Hyderabad Warehouse,"Hyderabad, IN",2024-04-10,3013.78,484.32,0.868,28322.41,Diesel,0.0,2.68,0.0,,0.0,0.0,93.7,350,7.94,5,23.5,64.2,Sunny,18,8,PackWise,Services,19999.6,0.0004,0.0,2.1956,0.008,2.2036,0.006296,,,0.0,0.0,,,2.1152
ORG001,Hyderabad Warehouse,"Hyderabad, IN",2024-09-20,1638.69,333.81,0.798,15036.05,Natural Gas,0.0,2.06,0.0,,0.0,0.0,86.0,353,6.95,5,27.8,84.5,Sunny,40,9,ABC Plastics,Services,21550.16,0.0004,0.0,1.0413,0.0086,1.0499,0.002974,,,0.0,0.0,,,1.0496
ORG001,Hyderabad Warehouse,"Hyderabad, IN",2024-02-22,3104.96,849.76,0.847,28410.37,Diesel,0.0,2.68,0.0,,0.0,0.0,62.2,815,3.88,75,16.2,27.1,Cloudy,46,8,PackWise,Electronics,47216.83,0.0015,0.0,1.9102,0.0708,1.981,0.002431,,,0.0,0.0,,,1.9104
ORG001,Hyderabad Warehouse,"Hyderabad, IN",2024-02-29,2267.04,748.83,0.836,23871.77,Diesel,5.81,2.68,1.61,,0.0,0.0,48.0,1520,11.42,25,22.3,48.1,Cloudy,32,10,ABC Plastics,Logistics,6232.96,0.0012,0.0156,1.2692,0.0075,1.2923,0.00085,,,0.0,0.0,,,1.2975
ORG001,Pune HQ,"Pune, IN",2024-04-17,2649.8,424.63,0.852,30518.1,LPG,32.27,1.51,0.08,,0.0,0.0,69.0,713,7.73,5,25.4,41.7,Sunny,24,10,ElectroParts,Packaging,4175.81,0.0006,0.0487,1.8958,0.0025,1.947,0.002731,,,0.0,0.0,,,2.007
ORG001,Mumbai Plant,"Mumbai, IN",2024-01-05,10544.54,1105.43,0.792,103371.35,Diesel,0.0,2.68,0.0,,0.0,0.0,34.5,10044,9.63,75,28.2,61.2,Rainy,102,12,ElectroParts,Electronics,13244.14,0.0015,0.0,7.4758,0.0199,7.4957,0.000746,REC_0416,Policy,0.5868,577.7,7.0,High,8.2501
ORG001,Hyderabad Warehouse,"Hyderabad, IN",2024-04-12,2569.01,360.91,0.804,25906.18,Diesel,0.0,2.68,0.0,,0.0,0.0,78.9,1078,5.46,45,22.5,55.9,Humid,16,8,PackWise,Raw material,40686.44,0.0008,0.0,1.7753,0.0325,1.8078,0.001677,,,0.0,0.0,,,1.9824
ORG001,Delhi Office,"Delhi, IN",2024-07-14,1118.12,344.91,0.827,9901.8,LPG,2.32,1.51,0.19,,0.0,0.0,80.6,1591,1.35,100,26.4,58.6,Sunny,57,8,GreenSteel Co,Packaging,18731.54,0.0006,0.0035,0.6394,0.0112,0.6541,0.000411,,,0.0,0.0,,,0.7175
ORG001,Mumbai Plant,"Mumbai, IN",2024-09-18,8523.72,3593.44,0.765,75458.26,LPG,31.71,1.51,1.78,,0.0,0.0,78.6,17656,11.71,45,38.7,47.0,Cloudy,196,10,ElectroParts,Logistics,1772.93,0.0012,0.0479,3.7717,0.0021,3.8217,0.000216,REC_0419,Retrofit,0.3897,5341.97,13.0,Medium,3.916
ORG001,Mumbai Plant,"Mumbai, IN",2024-12-30,7099.55,714.37,0.84,51747.63,LPG,28.11,1.51,3.46,,0.0,0.0,69.8,13519,19.69,25,13.3,35.7,Humid,107,8,LogiTrans,Electronics,14422.95,0.0015,0.0424,5.3636,0.0216,5.4276,0.000401,REC_0420,Route optimization,0.4931,61125.02,1.0,Medium,5.1956
ORG001,Delhi Office,"Delhi, IN",2024-12-15,711.52,55.07,0.793,7240.11,Petrol,17.31,2.31,2.24,,0.0,0.0,66.3,859,1.27,25,26.0,74.5,Sunny,38,9,PackWise,Raw material,70976.37,0.0008,0.04,0.5206,0.0568,0.6174,0.000719,,,0.0,0.0,,,0.5934
ORG001,Hyderabad Warehouse,"Hyderabad, IN",2024-02-16,1495.22,238.99,0.755,15127.0,Diesel,0.0,2.68,0.0,,0.0,0.0,50.7,952,14.41,45,25.3,46.1,Sunny,42,9,ABC Plastics,Services,28125.41,0.0004,0.0,0.9485,0.0113,0.9598,0.001008,,,0.0,0.0,,,1.096
ORG001,Hyderabad Warehouse,"Hyderabad, IN",2024-12-20,2677.39,827.28,0.812,21696.8,Diesel,0.0,2.68,0.0,,0.0,0.0,35.5,183,9.86,100,28.6,32.6,Sunny,40,10,GreenSteel Co,Logistics,2371.85,0.0012,0.0,1.5023,0.0028,1.5051,0.008225,REC_0423,Route optimization,0.5087,140314.25,1.0,Medium,1.6643
ORG001,Hyderabad Warehouse,"Hyderabad, IN",2024-11-06,2813.18,328.79,0.825,24371.45,Diesel,0.0,2.68,0.0,,0.0,0.0,66.0,893,7.27,100,32.6,55.1,Humid,14,8,LogiTrans,Services,7695.52,0.0004,0.0,2.0496,0.0031,2.0527,0.002299,,,0.0,0.0,,,2.3416
ORG001,Delhi Office,"Delhi, IN",2024-11-03,1263.22,328.55,0.685,11287.12,LPG,0.0,1.51,0.0,,0.0,0.0,51.7,367,20.66,45,24.5,75.9,Humid,45,10,ABC Plastics,Services,23751.98,0.0004,0.0,0.6402,0.0095,0.6497,0.00177,,,0.0,0.0,,,0.743
ORG001,Mumbai Plant,"Mumbai, IN",2024-05-23,8428.22,3665.09,0.849,57225.95,CNG,0.0,2.75,0.0,,0.0,0.0,76.3,14516,14.72,25,29.6,51.4,Cloudy,133,9,PackWise,Raw material,57379.61,0.0008,0.0,4.0439,0.0459,4.0898,0.000282,,,0.0,0.0,,,3.9457
ORG001,Bengaluru Lab,"Bengaluru, IN",2024-09-25,3782.05,522.2,0.77,31452.84,Petrol,0.43,2.31,0.74,,0.0,0.0,44.0,8671,21.23,75,25.6,32.1,Sunny,94,10,GreenSteel Co,Raw material,52614.58,0.0008,0.001,2.5101,0.0421,2.5532,0.000294,,,0.0,0.0,,,2.8816
ORG001,Bengaluru Lab,"Bengaluru, IN",2024-05-03,1407.75,86.69,0.89,14798.19,Diesel,0.0,2.68,0.0,VEH015,156.24,16.16,41.2,5720,20.41,60,23.7,79.5,Humid,286,8,ABC Plastics,Logistics,21969.0,0.0012,0.0433,1.1757,0.0264,1.2454,0.000218,,,0.0,0.0,,,1.2109
ORG001,Pune HQ,"Pune, IN",2024-04-15,2748.39,733.04,0.799,25698.35,CNG,16.29,2.75,0.02,,0.0,0.0,93.7,1002,23.18,45,31.1,49.9,Sunny,59,10,PackWise,Packaging,2424.44,0.0006,0.0448,1.6103,0.0015,1.6566,0.001653,,,0.0,0.0,,,1.711
ORG001,Hyderabad Warehouse,"Hyderabad, IN",2024-06-06,3151.37,533.47,0.917,27719.34,Diesel,1.22,2.68,1.09,VEH017,128.25,13.37,64.9,1620,19.86,60,22.9,57.6,Windy,59,9,LogiTrans,Electronics,17191.53,0.0015,0.039099999999999996,2.4006,0.0258,2.4655,0.001522,,,0.0,0.0,,,2.8261
ORG001,Hyderabad Warehouse,"Hyderabad, IN",2024-05-26,2800.55,330.02,0.825,24849.54,Diesel,5.83,2.68,3.18,VEH016,184.87,15.62,69.6,132,13.45,100,17.5,56.8,Humid,37,8,PackWise,Logistics,16522.74,0.0012,0.057499999999999996,2.0382,0.0198,2.1155,0.016027,,,0.0,0.0,,,2.1241
ORG001,Delhi Office,"Delhi, IN",2024-05-24,1209.45,192.22,0.857,11780.08,Petrol,18.32,2.31,0.43,,0.0,0.0,41.0,737,11.08,100,25.6,50.7,Humid,54,10,PackWise,Services,24329.13,0.0004,0.0423,0.8718,0.0097,0.9238,0.001253,,,0.0,0.0,,,1.0567
ORG001,Hyderabad Warehouse,"Hyderabad, IN",2024-04-29,3480.42,358.95,0.753,34303.29,Petrol,0.0,2.31,0.0,,0.0,0.0,39.5,1024,12.04,25,29.6,26.3,Sunny,31,12,GreenSteel Co,Electronics,3943.1,0.0015,0.0,2.3505,0.0059,2.3564,0.002301,,,0.0,0.0,,,2.2514
ORG001,Hyderabad Warehouse,"Hyderabad, IN",2024-11-14,3149.37,285.9,0.827,32093.46,Petrol,0.0,2.31,0.0,VEH007,20.52,2.3,34.1,731,21.96,100,27.1,67.2,Sunny,54,8,ElectroParts,Services,11112.31,0.0004,0.0062,2.3681,0.0044,2.3787,0.003254,REC_0434,Optimize HVAC,0.5388,27705.11,27.0,Medium,2.6051
ORG001,Pune HQ,"Pune, IN",2024-10-01,2371.42,842.52,0.806,17207.8,Diesel,18.42,2.68,1.4,,0.0,0.0,45.3,768,22.44,25,27.8,43.3,Sunny,14,8,GreenSteel Co,Raw material,57849.03,0.0008,0.0494,1.2323,0.0463,1.328,0.001729,,,0.0,0.0,,,1.5183
ORG001,Pune HQ,"Pune, IN",2024-04-01,1464.67,60.7,0.844,15416.9,Natural Gas,0.0,2.06,0.0,VEH009,120.75,11.35,41.1,1146,4.55,100,27.8,37.6,Sunny,21,8,PackWise,Packaging,9780.83,0.0006,0.0304,1.1849,0.0059,1.2212,0.001066,,,0.0,0.0,,,1.4
ORG001,Mumbai Plant,"Mumbai, IN",2024-02-27,5016.2,596.8,0.765,41283.89,Petrol,57.7,2.31,1.13,,0.0,0.0,47.7,19332,22.51,5,23.7,31.0,Sunny,172,8,ElectroParts,Packaging,74809.06,0.0006,0.1333,3.3808,0.0449,3.559,0.000184,REC_0437,Supplier change,0.72,11691.34,20.0,Low,3.9761
ORG001,Mumbai Plant,"Mumbai, IN",2024-12-11,7610.86,394.71,0.846,73150.18,Diesel,0.0,2.68,0.0,,0.0,0.0,86.0,13508,4.14,60,22.3,67.7,Sunny,151,8,ABC Plastics,Packaging,22842.27,0.0006,0.0,6.1049,0.0137,6.1186,0.000453,,,0.0,0.0,,,6.7796
ORG001,Hyderabad Warehouse,"Hyderabad, IN",2024-08-16,1568.31,55.42,0.826,13027.19,Diesel,1.5,2.68,0.19,,0.0,0.0,43.9,1319,12.87,5,23.3,67.2,Sunny,49,8,LogiTrans,Services,11027.46,0.0004,0.004,1.2496,0.0044,1.258,0.000954,,,0.0,0.0,,,1.3832
ORG001,Hyderabad Warehouse,"Hyderabad, IN",2024-04-26,2500.96,1286.72,0.749,29254.73,Diesel,0.0,2.68,0.0,,0.0,0.0,72.8,1067,1.21,75,32.4,74.9,Cloudy,26,9,ElectroParts,Electronics,22298.05,0.0015,0.0,0.9095,0.0334,0.9429,0.000884,,,0.0,0.0,,,0.9743
ORG001,Mumbai Plant,"Mumbai, IN",2024-11-13,7541.0,2172.4,0.813,55447.42,Diesel,62.01,2.68,2.2,,0.0,0.0,90.7,16164,5.54,45,23.1,77.4,Sunny,281,9,GreenSteel Co,Electronics,23734.14,0.0015,0.1662,4.3647,0.0356,4.5665,0.000283,,,0.0,0.0,,,4.3406
ORG001,Hyderabad Warehouse,"Hyderabad, IN",2024-10-05,2973.61,484.83,0.8,30178.76,Petrol,29.37,2.31,2.15,VEH018,44.85,6.78,86.7,761,21.04,45,21.3,28.8,Sunny,45,12,PackWise,Packaging,27991.92,0.0006,0.086,1.991,0.0168,2.0938,0.002751,,,0.0,0.0,,,2.2198
ORG001,Pune HQ,"Pune, IN",2024-05-06,1691.53,336.66,0.709,18652.63,Petrol,13.11,2.31,3.67,VEH011,55.46,5.61,92.4,934,22.4,100,31.0,68.8,Sunny,16,8,ElectroParts,Services,7228.11,0.0004,0.0453,0.9606,0.0029,1.0088,0.00108,,,0.0,0.0,,,0.9801
ORG001,Pune HQ,"Pune, IN",2024-05-08,2427.95,276.62,0.811,15963.84,Diesel,0.0,2.68,0.0,,0.0,0.0,77.4,591,0.19,60,20.5,48.3,Cloudy,47,10,PackWise,Electronics,41766.3,0.0015,0.0,1.7447,0.0626,1.8073,0.003058,REC_0444,Policy,0.5419,58724.97,22.0,Medium,1.927
ORG001,Mumbai Plant,"Mumbai, IN",2024-02-27,6571.92,653.84,0.744,50575.58,Natural Gas,54.86,2.06,0.43,,0.0,0.0,32.2,18039,23.58,25,28.8,84.5,Cloudy,145,12,LogiTrans,Logistics,9553.23,0.0012,0.113,4.403,0.0115,4.5275,0.000251,,,0.0,0.0,,,4.9002
ORG001,Pune HQ,"Pune, IN",2024-05-01,2879.61,202.76,0.776,23925.21,Diesel,31.56,2.68,5.32,,0.0,0.0,81.8,1179,11.88,75,17.7,36.7,Sunny,46,9,GreenSteel Co,Services,38390.89,0.0004,0.0846,2.0772,0.0154,2.1772,0.001847,,,0.0,0.0,,,2.1858
ORG001,Delhi Office,"Delhi, IN",2024-01-01,1477.44,388.96,0.812,13318.28,CNG,12.5,2.75,0.96,VEH013,199.93,17.91,76.6,929,3.15,15,31.1,73.7,Sunny,43,8,GreenSteel Co,Electronics,47529.95,0.0015,0.0824,0.8838,0.0713,1.0375,0.001117,,,0.0,0.0,,,1.0045
ORG001,Mumbai Plant,"Mumbai, IN",2024-08-26,7634.83,1922.71,0.882,70284.67,CNG,0.0,2.75,0.0,VEH002,1.47,0.11,80.7,20341,7.55,75,33.0,50.4,Rainy,106,8,LogiTrans,Electronics,24029.33,0.0015,0.0003,5.0381,0.036,5.0744,0.000249,,,0.0,0.0,,,4.9929
ORG001,Delhi Office,"Delhi, IN",2024-10-16,1617.73,183.53,0.812,13497.69,CNG,24.36,2.75,2.72,,0.0,0.0,67.7,474,21.26,5,21.5,69.8,Windy,14,10,PackWise,Electronics,114.92,0.0015,0.067,1.1646,0.0002,1.2318,0.002599,REC_0449,Policy,0.3739,37262.06,3.0,High,1.2927
ORG001,Bengaluru Lab,"Bengaluru, IN",2024-04-05,5450.93,1378.77,0.928,45486.07,Petrol,74.54,2.31,1.63,,0.0,0.0,69.8,4901,17.26,75,40.0,52.0,Sunny,287,9,GreenSteel Co,Electronics,21496.64,0.0015,0.1722,3.779,0.0322,3.9834,0.000813,,,0.0,0.0,,,4.2279
ORG001,Bengaluru Lab,"Bengaluru, IN",2024-05-05,2384.55,367.38,0.86,21800.72,Petrol,68.62,2.31,0.67,,0.0,0.0,86.0,5223,23.33,25,25.0,32.7,Cloudy,200,9,ABC Plastics,Logistics,6951.69,0.0012,0.1585,1.7348,0.0083,1.9016,0.000364,,,0.0,0.0,,,1.9211
ORG001,Mumbai Plant,"Mumbai, IN",2024-04-27,8236.63,2657.66,0.818,92622.38,Diesel,0.0,2.68,0.0,VEH017,62.94,6.09,91.5,12078,3.1,100,23.6,29.4,Humid,130,9,ElectroParts,Packaging,19429.14,0.0006,0.0163,4.5636,0.0117,4.5916,0.00038,REC_0452,Retrofit,0.9104,11514.26,9.0,High,4.5715
ORG001,Delhi Office,"Delhi, IN",2024-02-17,1747.82,112.02,0.78,18116.15,Diesel,0.0,2.68,0.0,,0.0,0.0,94.4,592,5.09,15,31.1,44.1,Windy,50,8,ABC Plastics,Electronics,16927.26,0.0015,0.0,1.2759,0.0254,1.3013,0.002198,,,0.0,0.0,,,1.275
ORG001,Delhi Office,"Delhi, IN",2024-03-29,1417.48,189.68,0.806,12392.94,CNG,0.0,2.75,0.0,,0.0,0.0,43.8,718,5.97,15,25.7,44.1,Sunny,5,8,ABC Plastics,Services,55174.46,0.0004,0.0,0.9896,0.0221,1.0117,0.001409,,,0.0,0.0,,,1.1508
ORG001,Mumbai Plant,"Mumbai, IN",2024-08-24,7957.57,597.44,0.835,62994.63,Petrol,0.0,2.31,0.0,,0.0,0.0,87.2,14579,13.65,75,31.9,37.4,Humid,272,8,PackWise,Raw material,20848.48,0.0008,0.0,6.1457,0.0167,6.1624,0.000423,REC_0455,Retrofit,0.4648,14191.31,18.0,High,6.1659
ORG001,Bengaluru Lab,"Bengaluru, IN",2024-09-28,4446.15,169.83,0.823,43937.57,Petrol,22.39,2.31,0.99,,0.0,0.0,49.6,4625,10.37,25,29.3,25.6,Sunny,106,8,GreenSteel Co,Electronics,6927.02,0.0015,0.0517,3.5194,0.0104,3.5815,0.000774,,,0.0,0.0,,,3.49
ORG001,Delhi Office,"Delhi, IN",2024-07-07,1186.94,157.93,0.739,10136.04,Diesel,19.55,2.68,1.02,VEH005,250.03,31.42,92.6,744,17.7,100,35.6,83.8,Windy,15,9,ABC Plastics,Electronics,26954.96,0.0015,0.1366,0.7604,0.0404,0.9374,0.00126,,,0.0,0.0,,,0.9901
ORG001,Pune HQ,"Pune, IN",2024-07-10,1630.52,334.88,0.786,13709.43,Natural Gas,34.52,2.06,4.9,,0.0,0.0,46.5,1088,7.95,5,24.1,62.1,Cloudy,22,9,LogiTrans,Packaging,38797.87,0.0006,0.0711,1.0184,0.0233,1.1128,0.001023,,,0.0,0.0,,,1.1746
ORG001,Hyderabad Warehouse,"Hyderabad, IN",2024-03-09,2517.45,187.75,0.827,30246.76,Diesel,8.54,2.68,5.03,,0.0,0.0,30.9,1054,18.35,15,21.8,66.0,Rainy,22,9,ElectroParts,Electronics,14050.08,0.0015,0.0229,1.9267,0.0211,1.9707,0.00187,,,0.0,0.0,,,1.9206
ORG001,Bengaluru Lab,"Bengaluru, IN",2024-10-04,3717.27,915.76,0.882,23189.6,Natural Gas,0.0,2.06,0.0,VEH003,172.08,13.77,42.9,10835,8.03,5,28.9,80.5,Sunny,223,8,LogiTrans,Services,36077.24,0.0004,0.0369,2.4709,0.0144,2.5222,0.000233,,,0.0,0.0,,,2.8827
ORG001,Hyderabad Warehouse,"Hyderabad, IN",2024-12-14,3356.51,600.47,0.858,30345.31,Diesel,0.0,2.68,0.0,VEH013,229.0,28.35,78.3,367,20.42,60,24.7,70.2,Windy,31,8,LogiTrans,Electronics,20747.61,0.0015,0.076,2.3647,0.0311,2.4718,0.006735,,,0.0,0.0,,,2.5276
ORG001,Delhi Office,"Delhi, IN",2024-09-03,1624.09,422.7,0.748,15622.86,Natural Gas,0.0,2.06,0.0,,0.0,0.0,81.3,965,7.97,75,20.4,70.7,Sunny,32,8,ElectroParts,Raw material,30980.2,0.0008,0.0,0.8986,0.0248,0.9234,0.000957,REC_0462,Supplier change,0.0547,35601.26,6.0,High,0.9427
ORG001,Bengaluru Lab,"Bengaluru, IN",2024-03-16,2770.97,352.67,0.811,33543.84,Petrol,0.0,2.31,0.0,,0.0,0.0,68.8,7161,19.95,60,28.0,69.2,Rainy,136,8,ElectroParts,Raw material,32842.14,0.0008,0.0,1.9612,0.0263,1.9875,0.000278,,,0.0,0.0,,,1.9743
ORG001,Bengaluru Lab,"Bengaluru, IN",2024-06-02,4213.41,3322.0,0.808,52552.55,LPG,5.48,1.51,1.09,,0.0,0.0,86.1,2990,3.82,45,30.3,29.4,Sunny,82,8,GreenSteel Co,Packaging,15973.95,0.0006,0.0083,0.7203,0.0096,0.7382,0.000247,,,0.0,0.0,,,0.8006
ORG001,Pune HQ,"Pune, IN",2024-05-23,2778.7,136.38,0.799,25221.1,CNG,0.0,2.75,0.0,,0.0,0.0,63.4,1284,11.37,5,34.3,37.6,Cloudy,27,9,GreenSteel Co,Raw material,31592.04,0.0008,0.0,2.1112,0.0253,2.1365,0.001664,REC_0465,Retrofit,0.5122,11366.93,13.0,High,2.2702
ORG001,Pune HQ,"Pune, IN",2024-03-26,1698.86,250.21,0.868,17335.1,Diesel,21.32,2.68,6.94,,0.0,0.0,76.7,965,16.53,100,28.3,49.4,Sunny,18,8,PackWise,Raw material,28962.51,0.0008,0.0571,1.2574,0.0232,1.3377,0.001386,,,0.0,0.0,,,1.3375
ORG001,Delhi Office,"Delhi, IN",2024-07-03,1866.05,274.54,0.817,15990.9,Diesel,16.67,2.68,1.45,VEH004,35.68,4.58,62.1,714,18.14,25,18.9,53.0,Rainy,25,8,PackWise,Logistics,43553.29,0.0012,0.056999999999999995,1.3003,0.0523,1.4096,0.001974,,,0.0,0.0,,,1.3822
ORG001,Delhi Office,"Delhi, IN",2024-10-11,1996.88,86.46,0.665,15925.92,Diesel,44.08,2.68,2.04,,0.0,0.0,56.6,1007,19.98,75,24.0,74.9,Rainy,56,8,LogiTrans,Raw material,58061.16,0.0008,0.1181,1.2704,0.0464,1.4349,0.001425,REC_0468,Retrofit,0.2149,29402.71,4.0,High,1.5972
ORG001,Delhi Office,"Delhi, IN",2024-08-07,1363.78,367.98,0.818,13175.24,LPG,0.0,1.51,0.0,,0.0,0.0,45.1,0,17.0,75,26.1,29.2,Sunny,46,9,ABC Plastics,Packaging,425.6,0.0006,0.0,0.8146,0.0003,0.8149,0.0,,,0.0,0.0,,,0.9335
ORG001,Mumbai Plant,"Mumbai, IN",2024-03-09,7190.9,423.68,0.764,68968.54,Natural Gas,0.0,2.06,0.0,,0.0,0.0,65.8,18466,23.54,25,26.2,56.3,Cloudy,212,8,ABC Plastics,Packaging,13337.3,0.0006,0.0,5.1702,0.008,5.1782,0.00028,,,0.0,0.0,,,5.881
ORG001,Delhi Office,"Delhi, IN",2024-02-16,1745.96,86.65,0.747,16232.72,CNG,0.0,2.75,0.0,VEH012,109.57,12.64,74.0,821,10.21,75,20.1,76.3,Cloudy,52,12,LogiTrans,Electronics,21433.9,0.0015,0.0339,1.2395,0.0322,1.3056,0.00159,REC_0471,Route optimization,0.1027,46144.61,26.0,High,1.2837
ORG001,Delhi Office,"Delhi, IN",2024-04-03,1623.71,367.79,0.852,16473.5,Petrol,0.0,2.31,0.0,,0.0,0.0,65.0,455,5.56,100,33.0,63.2,Rainy,37,10,GreenSteel Co,Logistics,48728.73,0.0012,0.0,1.07,0.0585,1.1285,0.00248,,,0.0,0.0,,,1.2309
ORG001,Delhi Office,"Delhi, IN",2024-08-25,1708.26,108.03,0.915,16895.6,Petrol,5.16,2.31,1.13,,0.0,0.0,62.4,723,21.43,75,24.9,39.3,Sunny,56,9,ElectroParts,Electronics,1752.61,0.0015,0.0119,1.4642,0.0026,1.4787,0.002045,,,0.0,0.0,,,1.4106
ORG001,Bengaluru Lab,"Bengaluru, IN",2024-07-22,3637.93,534.43,0.797,39136.88,Petrol,10.03,2.31,3.74,,0.0,0.0,68.6,12100,17.77,60,30.9,39.4,Sunny,101,12,ElectroParts,Logistics,6685.04,0.0012,0.0232,2.4735,0.008,2.5047,0.000207,,,0.0,0.0,,,2.4711
ORG001,Delhi Office,"Delhi, IN",2024-08-05,684.17,33.66,0.734,6230.68,Diesel,27.52,2.68,0.8,,0.0,0.0,84.8,782,22.85,75,31.2,81.7,Sunny,47,10,GreenSteel Co,Logistics,87022.11,0.0012,0.0738,0.4775,0.1044,0.6557,0.000838,,,0.0,0.0,,,0.7476
ORG001,Hyderabad Warehouse,"Hyderabad, IN",2024-12-06,3125.78,774.65,0.866,23433.48,Diesel,0.0,2.68,0.0,,0.0,0.0,82.9,1084,15.48,15,33.2,73.5,Cloudy,70,9,ABC Plastics,Services,37111.2,0.0004,0.0,2.0361,0.0148,2.0509,0.001892,,,0.0,0.0,,,2.3285
ORG001,Hyderabad Warehouse,"Hyderabad, IN",2024-02-08,1651.36,764.11,0.841,13682.79,Diesel,0.0,2.68,0.0,,0.0,0.0,77.2,727,2.64,5,31.3,62.7,Rainy,28,9,PackWise,Services,24984.24,0.0004,0.0,0.7462,0.01,0.7562,0.00104,,,0.0,0.0,,,0.7386
ORG001,Hyderabad Warehouse,"Hyderabad, IN",2024-04-09,3934.48,1007.68,0.816,34733.11,Diesel,0.0,2.68,0.0,VEH008,41.14,4.28,53.2,305,9.4,100,23.4,33.7,Humid,41,12,PackWise,Services,38879.48,0.0004,0.0115,2.3883,0.0156,2.4154,0.007919,,,0.0,0.0,,,2.7749
ORG001,Delhi Office,"Delhi, IN",2024-10-15,1461.18,95.44,0.863,15209.09,CNG,0.0,2.75,0.0,VEH005,17.43,2.08,88.9,247,21.34,75,30.5,28.0,Cloudy,5,9,GreenSteel Co,Electronics,10030.15,0.0015,0.0056,1.1786,0.015,1.1992,0.004855,REC_0479,Policy,0.1965,22357.82,13.0,Low,1.3579
ORG001,Pune HQ,"Pune, IN",2024-09-10,1828.98,175.13,0.779,18937.2,Diesel,0.0,2.68,0.0,,0.0,0.0,79.8,2,10.83,60,23.8,44.8,Sunny,31,8,LogiTrans,Electronics,45331.89,0.0015,0.0,1.2884,0.068,1.3564,0.6782,,,0.0,0.0,,,1.5415
ORG001,Delhi Office,"Delhi, IN",2024-08-09,1468.91,507.09,0.87,13358.97,Diesel,4.3,2.68,1.27,,0.0,0.0,63.5,207,13.98,100,26.9,56.4,Windy,40,9,LogiTrans,Raw material,88287.92,0.0008,0.0115,0.8368,0.0706,0.9189,0.004439,,,0.0,0.0,,,0.9151
ORG001,Hyderabad Warehouse,"Hyderabad, IN",2024-12-22,2873.99,438.67,0.731,28408.15,Petrol,0.0,2.31,0.0,VEH015,45.81,4.07,92.9,853,15.75,100,24.5,54.9,Cloudy,30,10,LogiTrans,Services,30299.8,0.0004,0.0109,1.7802,0.0121,1.8032,0.002114,REC_0482,Policy,0.5379,3491.58,10.0,Low,2.0338
ORG001,Pune HQ,"Pune, IN",2024-01-23,1375.41,116.67,0.825,11177.69,Diesel,21.74,2.68,0.09,,0.0,0.0,57.2,549,23.58,45,35.2,76.6,Sunny,14,12,GreenSteel Co,Raw material,56796.28,0.0008,0.0583,1.0385,0.0454,1.1422,0.002081,,,0.0,0.0,,,1.2758
ORG001,Mumbai Plant,"Mumbai, IN",2024-09-06,10595.83,2181.34,0.859,95251.5,Diesel,59.44,2.68,0.4,,0.0,0.0,67.6,6862,12.53,45,30.8,66.9,Cloudy,65,12,PackWise,Packaging,42283.49,0.0006,0.1593,7.228,0.0254,7.4127,0.00108,REC_0484,Route optimization,2.3481,604.65,1.0,Low,7.7305
ORG001,Pune HQ,"Pune, IN",2024-01-10,2064.58,208.15,0.768,19959.13,Diesel,0.0,2.68,0.0,,0.0,0.0,45.9,4,18.04,5,32.5,62.1,Rainy,37,9,ElectroParts,Packaging,38498.11,0.0006,0.0,1.4257,0.0231,1.4488,0.3622,,,0.0,0.0,,,1.4963
ORG001,Hyderabad Warehouse,"Hyderabad, IN",2024-09-02,2639.7,92.28,0.915,28802.36,Diesel,0.0,2.68,0.0,,0.0,0.0,81.3,1253,7.93,5,12.7,35.2,Sunny,26,8,PackWise,Packaging,6962.72,0.0006,0.0,2.3309,0.0042,2.3351,0.001864,,,0.0,0.0,,,2.6273
ORG001,Bengaluru Lab,"Bengaluru, IN",2024-11-20,2887.46,560.7,0.788,26616.59,Diesel,0.0,2.68,0.0,,0.0,0.0,66.4,3171,22.39,60,35.3,82.3,Sunny,38,8,PackWise,Packaging,6579.65,0.0006,0.0,1.8335,0.0039,1.8374,0.000579,,,0.0,0.0,,,2.042
ORG001,Hyderabad Warehouse,"Hyderabad, IN",2024-04-09,2033.31,202.01,0.762,19375.27,Natural Gas,0.0,2.06,0.0,,0.0,0.0,65.3,685,11.32,45,35.4,57.0,Cloudy,51,8,GreenSteel Co,Electronics,32818.22,0.0015,0.0,1.3955,0.0492,1.4447,0.002109,,,0.0,0.0,,,1.6016
ORG001,Hyderabad Warehouse,"Hyderabad, IN",2024-10-16,1997.27,363.1,0.811,20563.79,CNG,0.0,2.75,0.0,,0.0,0.0,38.1,1840,3.85,45,25.3,73.0,Cloudy,72,8,PackWise,Raw material,24598.77,0.0008,0.0,1.3253,0.0197,1.345,0.000731,,,0.0,0.0,,,1.4374
ORG001,Hyderabad Warehouse,"Hyderabad, IN",2024-06-28,2432.58,834.78,0.904,21980.51,Diesel,38.14,2.68,3.51,,0.0,0.0,62.3,1169,0.92,75,21.0,49.3,Humid,27,9,GreenSteel Co,Electronics,10974.48,0.0015,0.1022,1.4444,0.0165,1.5631,0.001337,REC_0490,Route optimization,0.4854,123720.24,24.0,Medium,1.7158
ORG001,Bengaluru Lab,"Bengaluru, IN",2024-08-10,904.09,254.28,0.824,8948.33,Diesel,34.43,2.68,4.41,,0.0,0.0,64.9,5552,7.41,15,36.2,65.4,Sunny,76,12,ElectroParts,Packaging,28026.47,0.0006,0.0923,0.5354,0.0168,0.6445,0.000116,,,0.0,0.0,,,0.7295
ORG001,Pune HQ,"Pune, IN",2024-09-06,2225.24,209.36,0.838,18571.72,Diesel,0.0,2.68,0.0,VEH019,144.67,15.1,79.0,1018,5.26,100,21.4,48.6,Sunny,35,10,LogiTrans,Packaging,13737.84,0.0006,0.0405,1.6893,0.0082,1.738,0.001707,,,0.0,0.0,,,1.9749
ORG001,Mumbai Plant,"Mumbai, IN",2024-05-26,10751.18,2389.11,0.908,93522.15,Diesel,63.36,2.68,0.89,VEH001,227.42,21.58,81.1,10016,20.05,75,37.3,67.2,Sunny,60,9,PackWise,Packaging,39593.04,0.0006,0.2276,7.5928,0.0238,7.8442,0.000783,,,0.0,0.0,,,7.8984
ORG001,Hyderabad Warehouse,"Hyderabad, IN",2024-04-05,3568.91,1010.18,0.778,41374.06,Diesel,11.02,2.68,0.97,,0.0,0.0,80.3,279,14.57,100,26.6,69.0,Cloudy,7,8,ABC Plastics,Services,13783.59,0.0004,0.0295,1.9907,0.0055,2.0257,0.007261,,,0.0,0.0,,,2.1245
ORG001,Mumbai Plant,"Mumbai, IN",2024-09-13,6454.33,927.59,0.847,51824.15,Diesel,53.37,2.68,0.3,VEH002,189.85,17.4,59.4,13441,1.66,100,28.0,81.6,Sunny,95,8,ElectroParts,Electronics,23244.4,0.0015,0.1896,4.6812,0.0349,4.9057,0.000365,,,0.0,0.0,,,5.3826
ORG001,Hyderabad Warehouse,"Hyderabad, IN",2024-11-20,2266.52,411.05,0.842,17315.49,Diesel,1.27,2.68,1.53,,0.0,0.0,89.1,475,9.26,25,31.5,47.0,Rainy,19,12,LogiTrans,Logistics,29012.73,0.0012,0.0034,1.5623,0.0348,1.6005,0.003369,,,0.0,0.0,,,1.7525
ORG001,Bengaluru Lab,"Bengaluru, IN",2024-01-04,1983.13,27.26,0.832,21075.54,Petrol,0.0,2.31,0.0,,0.0,0.0,69.5,829,9.32,100,13.9,81.3,Cloudy,23,9,ElectroParts,Packaging,41120.32,0.0006,0.0,1.6273,0.0247,1.652,0.001993,,,0.0,0.0,,,1.7053
ORG001,Hyderabad Warehouse,"Hyderabad, IN",2024-01-16,2797.07,513.27,0.884,29878.52,Diesel,29.66,2.68,0.81,,0.0,0.0,64.7,1995,20.2,15,32.2,72.6,Rainy,47,9,GreenSteel Co,Logistics,96804.8,0.0012,0.0795,2.0189,0.1162,2.2146,0.00111,REC_0498,Retrofit,0.6145,1142.35,3.0,High,2.4064
ORG001,Bengaluru Lab,"Bengaluru, IN",2024-10-06,3932.94,455.86,0.836,45138.48,Diesel,0.0,2.68,0.0,,0.0,0.0,80.0,5563,0.77,75,27.5,74.8,Cloudy,76,8,ElectroParts,Packaging,6181.37,0.0006,0.0,2.9068,0.0037,2.9105,0.000523,,,0.0,0.0,,,2.9421
ORG001,Bengaluru Lab,"Bengaluru, IN",2024-12-01,3675.61,346.56,0.842,39746.48,LPG,17.91,1.51,0.04,VEH005,228.61,20.18,67.9,5481,8.52,60,21.2,52.2,Cloudy,93,10,ABC Plastics,Raw material,82797.36,0.0008,0.0811,2.8031,0.0662,2.9504,0.000538,REC_0500,Policy,0.1624,44159.74,9.0,Medium,2.82
ORG001,Mumbai Plant,"Mumbai, IN",2024-09-03,7528.69,44.41,0.831,66751.93,Diesel,29.42,2.68,4.64,VEH010,74.33,7.23,86.4,17943,11.38,25,25.7,73.4,Sunny,181,9,PackWise,Raw material,42584.85,0.0008,0.0982,6.2194,0.0341,6.3517,0.000354,,,0.0,0.0,,,6.1311
ORG001,Mumbai Plant,"Mumbai, IN",2024-09-14,11104.9,205.18,0.73,105058.27,Diesel,38.6,2.68,1.64,,0.0,0.0,87.4,14595,13.99,25,23.7,51.8,Sunny,180,8,ElectroParts,Packaging,32231.59,0.0006,0.1034,7.9568,0.0193,8.0795,0.000554,,,0.0,0.0,,,9.1208
ORG001,Hyderabad Warehouse,"Hyderabad, IN",2024-06-08,2189.14,183.19,0.72,18684.25,Diesel,0.0,2.68,0.0,,0.0,0.0,43.5,1199,11.95,25,33.2,79.7,Sunny,21,9,GreenSteel Co,Raw material,132.94,0.0008,0.0,1.4443,0.0001,1.4444,0.001205,,,0.0,0.0,,,1.6004
ORG001,Hyderabad Warehouse,"Hyderabad, IN",2024-12-05,1953.56,155.3,0.788,23289.03,Diesel,0.0,2.68,0.0,VEH010,123.51,13.75,64.4,29,10.78,45,27.6,70.1,Sunny,25,10,LogiTrans,Electronics,17097.92,0.0015,0.0369,1.417,0.0256,1.4795,0.051017,REC_0504,Optimize HVAC,0.2881,71708.4,16.0,Low,1.4306
ORG001,Delhi Office,"Delhi, IN",2024-05-31,1577.78,24.87,0.897,13487.62,Natural Gas,65.08,2.06,1.6,,0.0,0.0,34.8,413,5.97,15,23.1,78.5,Cloudy,28,9,GreenSteel Co,Logistics,25700.03,0.0012,0.1341,1.393,0.0308,1.5579,0.003772,,,0.0,0.0,,,1.5398
ORG001,Delhi Office,"Delhi, IN",2024-06-26,2338.86,740.13,0.769,22570.23,CNG,10.8,2.75,3.28,VEH005,171.32,19.83,47.2,555,20.04,100,34.2,78.6,Sunny,24,9,ElectroParts,Packaging,852.76,0.0006,0.0828,1.2294,0.0005,1.3127,0.002365,REC_0506,Policy,0.4444,105388.11,8.0,Low,1.4342
ORG001,Hyderabad Warehouse,"Hyderabad, IN",2024-06-11,2117.8,917.77,0.824,21740.98,Petrol,25.32,2.31,3.22,,0.0,0.0,73.5,907,11.18,60,35.3,44.0,Sunny,70,8,ElectroParts,Services,33297.1,0.0004,0.0585,0.9888,0.0133,1.0606,0.001169,,,0.0,0.0,,,1.0872
ORG001,Pune HQ,"Pune, IN",2024-02-02,2632.51,1442.9,0.815,27567.18,Natural Gas,0.0,2.06,0.0,,0.0,0.0,87.9,1207,16.74,75,25.2,75.8,Sunny,54,12,LogiTrans,Logistics,45691.51,0.0012,0.0,0.9695,0.0548,1.0243,0.000849,,,0.0,0.0,,,1.1027
ORG001,Pune HQ,"Pune, IN",2024-06-27,1767.22,942.19,0.777,17850.54,Diesel,38.98,2.68,1.76,,0.0,0.0,78.5,484,1.21,60,28.2,45.5,Sunny,31,12,LogiTrans,Electronics,3639.16,0.0015,0.1045,0.6411,0.0055,0.7511,0.001552,,,0.0,0.0,,,0.8186
ORG001,Mumbai Plant,"Mumbai, IN",2024-04-10,7546.63,218.73,0.898,68447.41,Natural Gas,78.5,2.06,1.95,VEH010,297.64,30.57,89.7,19035,14.34,60,24.4,62.5,Cloudy,187,8,LogiTrans,Raw material,45503.66,0.0008,0.2436,6.5805,0.0364,6.8605,0.00036,REC_0510,Retrofit,0.6467,94491.7,23.0,High,7.6661
ORG001,Pune HQ,"Pune, IN",2024-09-24,1933.49,166.36,0.875,20752.58,CNG,0.0,2.75,0.0,,0.0,0.0,88.7,1014,0.78,5,32.9,62.9,Cloudy,53,10,PackWise,Raw material,45931.96,0.0008,0.0,1.5462,0.0367,1.5829,0.001561,,,0.0,0.0,,,1.7577
ORG001,Hyderabad Warehouse,"Hyderabad, IN",2024-11-18,2991.25,94.32,0.85,32498.95,Diesel,13.16,2.68,1.52,,0.0,0.0,38.1,920,1.2,60,34.6,70.2,Sunny,52,8,GreenSteel Co,Logistics,18161.47,0.0012,0.0353,2.4624,0.0218,2.5195,0.002739,,,0.0,0.0,,,2.7394
ORG001,Mumbai Plant,"Mumbai, IN",2024-03-05,6253.44,779.28,0.833,47345.8,Natural Gas,0.0,2.06,0.0,,0.0,0.0,60.6,11124,16.7,25,43.1,52.5,Sunny,136,12,PackWise,Services,26125.56,0.0004,0.0,4.56,0.0105,4.5705,0.000411,REC_0513,Supplier change,1.0049,6088.2,12.0,High,5.134
ORG001,Pune HQ,"Pune, IN",2024-06-16,2000.53,423.08,0.886,20629.11,CNG,39.53,2.75,1.89,,0.0,0.0,81.4,489,15.67,45,28.7,55.5,Sunny,31,8,LogiTrans,Raw material,45989.83,0.0008,0.1087,1.3976,0.0368,1.5431,0.003156,REC_0514,Policy,0.3614,132295.41,19.0,Medium,1.7294
ORG001,Mumbai Plant,"Mumbai, IN",2024-11-25,9926.51,4779.74,0.712,108961.05,Diesel,0.0,2.68,0.0,,0.0,0.0,31.7,15156,8.74,25,28.8,78.2,Sunny,123,8,PackWise,Raw material,9252.29,0.0008,0.0,3.6645,0.0074,3.6719,0.000242,,,0.0,0.0,,,4.0597
ORG001,Pune HQ,"Pune, IN",2024-02-12,1953.92,245.8,0.864,17186.12,Diesel,0.0,2.68,0.0,,0.0,0.0,76.0,537,9.41,60,32.2,56.6,Cloudy,59,10,LogiTrans,Services,27726.92,0.0004,0.0,1.4758,0.0111,1.4869,0.002769,REC_0516,Optimize HVAC,0.3182,41557.72,20.0,Medium,1.558
ORG001,Delhi Office,"Delhi, IN",2024-02-13,1094.35,282.32,0.787,9722.15,Diesel,0.0,2.68,0.0,,0.0,0.0,57.8,733,7.09,5,37.2,80.2,Humid,12,9,ABC Plastics,Electronics,14126.49,0.0015,0.0,0.6391,0.0212,0.6603,0.000901,REC_0517,Supplier change,0.1792,59363.81,9.0,Low,0.6859
ORG001,Hyderabad Warehouse,"Hyderabad, IN",2024-10-11,2595.44,813.87,0.853,27052.41,CNG,26.15,2.75,0.23,VEH012,6.59,0.71,37.2,278,0.76,75,27.0,25.2,Cloudy,46,8,LogiTrans,Services,3638.08,0.0004,0.0738,1.5197,0.0015,1.595,0.005737,,,0.0,0.0,,,1.7535
ORG001,Mumbai Plant,"Mumbai, IN",2024-01-12,10779.02,870.92,0.836,97634.84,CNG,0.0,2.75,0.0,,0.0,0.0,67.1,21662,23.94,45,30.7,67.2,Windy,248,10,PackWise,Packaging,41328.71,0.0006,0.0,8.2832,0.0248,8.308,0.000384,,,0.0,0.0,,,9.1074
ORG001,Hyderabad Warehouse,"Hyderabad, IN",2024-04-04,3626.41,531.2,0.938,28355.92,Petrol,18.5,2.31,2.01,VEH004,189.12,19.51,40.8,361,9.98,15,31.6,81.4,Humid,21,8,GreenSteel Co,Electronics,1194.42,0.0015,0.095,2.9033,0.0018,3.0001,0.008311,,,0.0,0.0,,,3.3524
ORG001,Delhi Office,"Delhi, IN",2024-10-28,1463.21,74.85,0.787,11520.38,Diesel,39.23,2.68,2.37,,0.0,0.0,65.4,721,0.77,45,32.4,48.5,Sunny,14,12,ABC Plastics,Services,13103.23,0.0004,0.1051,1.0926,0.0052,1.2029,0.001668,,,0.0,0.0,,,1.2162
ORG001,Pune HQ,"Pune, IN",2024-09-09,2339.16,243.34,0.754,22155.4,Natural Gas,28.06,2.06,0.68,,0.0,0.0,65.7,518,15.69,45,33.2,42.1,Cloudy,30,9,ElectroParts,Packaging,15023.14,0.0006,0.0578,1.5803,0.009,1.6471,0.00318,,,0.0,0.0,,,1.5887
ORG001,Mumbai Plant,"Mumbai, IN",2024-08-29,7378.22,213.29,0.78,70929.15,CNG,32.7,2.75,2.68,,0.0,0.0,34.6,18870,18.42,15,34.9,41.3,Rainy,199,8,ElectroParts,Logistics,18627.9,0.0012,0.0899,5.5886,0.0224,5.7009,0.000302,,,0.0,0.0,,,6.3101
ORG001,Delhi Office,"Delhi, IN",2024-02-04,2413.5,253.54,0.842,28241.03,Petrol,0.0,2.31,0.0,VEH003,148.65,15.47,44.4,1275,2.07,100,37.3,82.8,Sunny,42,9,PackWise,Packaging,48068.84,0.0006,0.0415,1.8187,0.0288,1.889,0.001482,,,0.0,0.0,,,2.0569
ORG001,Pune HQ,"Pune, IN",2024-08-02,2223.32,44.68,0.806,23633.86,Diesel,73.69,2.68,0.2,VEH014,172.86,16.7,71.8,917,6.07,15,24.1,48.6,Rainy,28,8,ABC Plastics,Logistics,27060.55,0.0012,0.24230000000000002,1.756,0.0325,2.0308,0.002215,,,0.0,0.0,,,1.9931
ORG001,Delhi Office,"Delhi, IN",2024-12-02,1427.4,406.12,0.881,16186.16,Petrol,6.64,2.31,1.75,,0.0,0.0,52.4,431,15.94,100,36.9,67.8,Humid,33,8,ABC Plastics,Raw material,18601.43,0.0008,0.0153,0.8997,0.0149,0.9299,0.002158,,,0.0,0.0,,,1.0043
ORG001,Bengaluru Lab,"Bengaluru, IN",2024-03-30,2795.45,444.35,0.731,27105.84,Diesel,12.43,2.68,0.27,,0.0,0.0,66.8,5968,22.59,75,33.6,29.1,Sunny,102,8,LogiTrans,Electronics,18195.16,0.0015,0.0333,1.7187,0.0273,1.7793,0.000298,,,0.0,0.0,,,1.9656
ORG001,Pune HQ,"Pune, IN",2024-09-20,1728.65,702.7,0.791,13370.94,Diesel,31.62,2.68,1.0,,0.0,0.0,81.8,726,2.25,100,20.3,27.1,Rainy,32,8,ABC Plastics,Raw material,14984.47,0.0008,0.0847,0.8115,0.012,0.9082,0.001251,,,0.0,0.0,,,0.9868
ORG001,Pune HQ,"Pune, IN",2024-04-02,2432.34,847.71,0.779,22834.35,LPG,34.58,1.51,0.36,,0.0,0.0,66.5,647,17.73,5,43.4,48.9,Rainy,13,8,GreenSteel Co,Services,14339.38,0.0004,0.0522,1.2344,0.0057,1.2923,0.001997,,,0.0,0.0,,,1.3544
ORG001,Hyderabad Warehouse,"Hyderabad, IN",2024-03-30,2550.91,379.53,0.858,26290.35,Diesel,0.0,2.68,0.0,,0.0,0.0,47.1,1300,18.69,5,29.8,80.7,Sunny,43,10,GreenSteel Co,Electronics,15242.0,0.0015,0.0,1.863,0.0229,1.8859,0.001451,,,0.0,0.0,,,1.9305
ORG001,Delhi Office,"Delhi, IN",2024-04-24,1497.11,455.87,0.816,13639.88,Diesel,15.69,2.68,0.64,,0.0,0.0,39.2,1207,6.23,25,25.4,37.2,Humid,74,9,PackWise,Packaging,6169.66,0.0006,0.042,0.8497,0.0037,0.8954,0.000742,,,0.0,0.0,,,0.8613
ORG001,Mumbai Plant,"Mumbai, IN",2024-04-14,6856.8,3082.36,0.746,57814.59,Natural Gas,22.33,2.06,1.76,,0.0,0.0,32.2,17258,7.03,5,27.0,75.1,Sunny,393,8,ElectroParts,Electronics,28046.94,0.0015,0.046,2.8157,0.0421,2.9038,0.000168,,,0.0,0.0,,,2.8868
ORG001,Hyderabad Warehouse,"Hyderabad, IN",2024-07-14,3491.81,410.9,0.824,35221.14,CNG,61.9,2.75,2.73,,0.0,0.0,30.3,1024,0.01,60,29.4,37.9,Sunny,73,9,ElectroParts,Logistics,67774.97,0.0012,0.1702,2.5387,0.0813,2.7902,0.002725,,,0.0,0.0,,,2.6756
ORG001,Pune HQ,"Pune, IN",2024-11-09,2109.88,299.73,0.887,19398.97,Natural Gas,0.0,2.06,0.0,,0.0,0.0,46.5,754,5.04,60,34.3,50.7,Humid,39,8,PackWise,Raw material,60497.96,0.0008,0.0,1.6056,0.0484,1.654,0.002194,,,0.0,0.0,,,1.6076
ORG001,Pune HQ,"Pune, IN",2024-04-23,2641.86,121.16,0.864,21694.63,Diesel,0.0,2.68,0.0,,0.0,0.0,81.8,1087,1.23,15,26.3,70.7,Sunny,15,8,PackWise,Services,1748.98,0.0004,0.0,2.1779,0.0007,2.1786,0.002004,,,0.0,0.0,,,2.4903
ORG001,Mumbai Plant,"Mumbai, IN",2024-03-15,10284.9,2173.1,0.845,77684.07,CNG,0.0,2.75,0.0,,0.0,0.0,41.4,14068,18.68,45,27.0,46.8,Sunny,311,12,PackWise,Packaging,34428.18,0.0006,0.0,6.8545,0.0207,6.8752,0.000489,,,0.0,0.0,,,7.7291
ORG001,Hyderabad Warehouse,"Hyderabad, IN",2024-08-04,2808.46,657.4,0.721,28288.16,Petrol,0.68,2.31,1.5,,0.0,0.0,67.0,611,2.8,60,26.0,72.9,Sunny,49,9,ABC Plastics,Packaging,45848.19,0.0006,0.0016,1.5509,0.0275,1.58,0.002586,REC_0537,Optimize HVAC,0.4702,1239.1,3.0,High,1.7633
ORG001,Pune HQ,"Pune, IN",2024-10-03,2370.48,81.61,0.835,23771.21,Diesel,0.0,2.68,0.0,,0.0,0.0,37.3,404,16.46,60,31.0,31.7,Cloudy,39,9,GreenSteel Co,Electronics,19772.6,0.0015,0.0,1.9112,0.0297,1.9409,0.004804,REC_0538,Policy,0.5543,9897.41,22.0,Low,2.2227
ORG001,Delhi Office,"Delhi, IN",2024-09-05,1202.34,292.87,0.788,14338.65,Diesel,38.5,2.68,0.03,,0.0,0.0,71.4,625,19.23,5,19.3,43.0,Sunny,24,12,PackWise,Logistics,32265.26,0.0012,0.1032,0.7167,0.0387,0.8586,0.001374,,,0.0,0.0,,,0.9125
ORG001,Pune HQ,"Pune, IN",2024-06-12,1168.38,288.22,0.837,12105.94,Diesel,47.75,2.68,0.85,VEH012,88.6,8.06,80.4,917,12.95,75,35.8,71.7,Rainy,62,8,ABC Plastics,Packaging,34382.5,0.0006,0.1496,0.7367,0.0206,0.9069,0.000989,,,0.0,0.0,,,0.9141
ORG001,Bengaluru Lab,"Bengaluru, IN",2024-12-22,4850.46,93.32,0.806,46689.43,Diesel,8.25,2.68,6.06,,0.0,0.0,70.1,2220,10.38,5,29.8,81.7,Sunny,15,10,ElectroParts,Packaging,14292.77,0.0006,0.0221,3.8343,0.0086,3.865,0.001741,,,0.0,0.0,,,4.1008
ORG001,Mumbai Plant,"Mumbai, IN",2024-07-10,9950.67,2678.66,0.829,88941.28,Petrol,0.0,2.31,0.0,,0.0,0.0,41.0,13678,14.36,75,33.1,49.7,Sunny,236,9,ABC Plastics,Electronics,48813.77,0.0015,0.0,6.0285,0.0732,6.1017,0.000446,,,0.0,0.0,,,6.5695
ORG001,Bengaluru Lab,"Bengaluru, IN",2024-08-14,2782.8,575.73,0.785,26782.97,Petrol,0.0,2.31,0.0,,0.0,0.0,66.8,5579,17.82,45,29.6,37.7,Cloudy,153,9,LogiTrans,Logistics,22983.8,0.0012,0.0,1.7325,0.0276,1.7601,0.000315,,,0.0,0.0,,,1.8785
ORG001,Hyderabad Warehouse,"Hyderabad, IN",2024-06-25,2814.83,558.69,0.863,29298.31,Diesel,0.0,2.68,0.0,VEH004,184.04,22.48,73.8,1254,9.31,60,21.7,45.4,Cloudy,58,9,PackWise,Raw material,91713.69,0.0008,0.0602,1.947,0.0734,2.0806,0.001659,,,0.0,0.0,,,2.3286
ORG001,Delhi Office,"Delhi, IN",2024-04-08,1395.76,155.64,0.774,14617.29,Natural Gas,0.0,2.06,0.0,,0.0,0.0,92.3,897,5.63,60,29.0,51.8,Humid,15,8,GreenSteel Co,Services,54696.81,0.0004,0.0,0.9599,0.0219,0.9818,0.001095,,,0.0,0.0,,,1.0597
ORG001,Bengaluru Lab,"Bengaluru, IN",2024-02-05,4143.34,324.39,0.861,43555.83,Diesel,5.67,2.68,0.17,,0.0,0.0,30.6,6511,23.02,25,17.2,75.6,Sunny,109,8,ABC Plastics,Raw material,80028.94,0.0008,0.0152,3.2881,0.064,3.3673,0.000517,,,0.0,0.0,,,3.8363
ORG001,Hyderabad Warehouse,"Hyderabad, IN",2024-04-05,1719.59,468.95,0.789,12976.15,Diesel,24.24,2.68,0.34,,0.0,0.0,64.4,1057,12.39,45,42.6,69.1,Cloudy,59,8,LogiTrans,Logistics,43120.38,0.0012,0.065,0.9868,0.0517,1.1035,0.001044,REC_0547,Route optimization,0.0958,11187.7,10.0,High,1.203
ORG001,Hyderabad Warehouse,"Hyderabad, IN",2024-05-31,3015.9,209.05,0.752,25806.82,Natural Gas,0.55,2.06,1.87,,0.0,0.0,62.9,395,15.61,60,36.9,45.7,Rainy,55,9,GreenSteel Co,Services,36607.76,0.0004,0.0011,2.1108,0.0146,2.1265,0.005384,REC_0548,Optimize HVAC,0.5422,76155.7,1.0,High,2.2741
ORG001,Pune HQ,"Pune, IN",2024-05-30,2274.43,403.25,0.94,22545.45,Diesel,24.56,2.68,0.15,,0.0,0.0,86.8,477,1.64,100,25.7,76.5,Humid,43,8,GreenSteel Co,Raw material,51451.68,0.0008,0.0658,1.7589,0.0412,1.8659,0.003912,,,0.0,0.0,,,1.8309
ORG001,Pune HQ,"Pune, IN",2024-07-08,3230.66,877.33,0.846,27285.51,Diesel,12.04,2.68,2.61,VEH018,114.26,10.18,48.5,38,9.07,45,33.6,54.1,Humid,38,8,GreenSteel Co,Services,20571.5,0.0004,0.0596,1.9909,0.0082,2.0587,0.054176,,,0.0,0.0,,,2.1132
ORG001,Delhi Office,"Delhi, IN",2024-08-11,1504.4,412.27,0.763,14024.31,Diesel,2.17,2.68,0.7,,0.0,0.0,49.6,1116,10.25,5,37.1,79.3,Cloudy,7,8,GreenSteel Co,Logistics,76329.71,0.0012,0.0058,0.8333,0.0916,0.9307,0.000834,,,0.0,0.0,,,1.0466
ORG001,Pune HQ,"Pune, IN",2024-02-06,1512.73,321.82,0.773,18035.52,Petrol,16.29,2.31,0.35,,0.0,0.0,73.0,1214,15.21,60,13.7,48.7,Sunny,49,8,LogiTrans,Logistics,3666.33,0.0012,0.0376,0.9206,0.0044,0.9626,0.000793,,,0.0,0.0,,,1.0778
ORG001,Hyderabad Warehouse,"Hyderabad, IN",2024-09-24,2670.72,24.84,0.782,24273.73,LPG,24.54,1.51,1.43,VEH020,158.29,17.67,89.8,755,23.92,25,25.1,82.2,Sunny,38,12,ABC Plastics,Packaging,35952.75,0.0006,0.08449999999999999,2.0691,0.0216,2.1752,0.002881,REC_0553,Supplier change,0.2844,68407.91,16.0,High,2.2693
ORG001,Delhi Office,"Delhi, IN",2024-07-01,992.74,77.87,0.917,8466.81,Diesel,56.59,2.68,2.98,,0.0,0.0,77.0,1325,16.42,75,19.7,62.9,Sunny,35,9,GreenSteel Co,Logistics,2657.57,0.0012,0.1517,0.8389,0.0032,0.9938,0.00075,,,0.0,0.0,,,1.0486
ORG001,Pune HQ,"Pune, IN",2024-01-13,1218.93,262.5,0.75,9876.34,Petrol,40.63,2.31,0.33,,0.0,0.0,68.9,954,20.71,100,22.4,41.3,Sunny,54,8,ElectroParts,Packaging,11904.57,0.0006,0.0939,0.7173,0.0071,0.8183,0.000858,,,0.0,0.0,,,0.8007
ORG001,Bengaluru Lab,"Bengaluru, IN",2024-10-05,3987.08,1485.71,0.819,43695.96,LPG,0.0,1.51,0.0,,0.0,0.0,53.3,4759,0.73,60,22.9,59.2,Cloudy,45,9,GreenSteel Co,Raw material,46583.7,0.0008,0.0,2.0486,0.0373,2.0859,0.000438,REC_0556,Supplier change,0.1233,50601.36,16.0,Medium,2.294
ORG001,Mumbai Plant,"Mumbai, IN",2024-08-04,8982.6,2365.84,0.735,93788.61,CNG,0.0,2.75,0.0,,0.0,0.0,57.5,10366,0.69,25,34.9,74.8,Cloudy,60,10,ABC Plastics,Logistics,12132.02,0.0012,0.0,4.8633,0.0146,4.8779,0.000471,,,0.0,0.0,,,5.1971
ORG001,Pune HQ,"Pune, IN",2024-12-20,1592.11,69.15,0.853,17281.91,Petrol,5.27,2.31,3.82,VEH001,138.74,13.38,78.1,351,1.83,25,35.3,55.1,Sunny,13,9,LogiTrans,Logistics,39151.81,0.0012,0.048100000000000004,1.2991,0.047,1.3942,0.003972,,,0.0,0.0,,,1.591
ORG001,Mumbai Plant,"Mumbai, IN",2024-12-26,4617.89,448.06,0.843,47303.97,CNG,17.25,2.75,3.25,,0.0,0.0,82.0,7897,16.72,100,28.6,40.3,Cloudy,50,8,ElectroParts,Packaging,4775.73,0.0006,0.0474,3.5152,0.0029,3.5655,0.000452,,,0.0,0.0,,,3.6933
ORG001,Delhi Office,"Delhi, IN",2024-10-12,1729.49,130.6,0.759,16352.8,Diesel,0.0,2.68,0.0,VEH001,106.25,8.4,78.7,508,8.49,15,39.6,37.9,Cloudy,9,9,GreenSteel Co,Packaging,21265.13,0.0006,0.0225,1.2136,0.0128,1.2489,0.002458,,,0.0,0.0,,,1.2093
ORG001,Bengaluru Lab,"Bengaluru, IN",2024-09-29,3029.45,15.86,0.733,25955.95,Diesel,19.93,2.68,1.36,,0.0,0.0,53.6,3606,14.71,75,28.3,66.0,Sunny,66,8,ABC Plastics,Logistics,49677.35,0.0012,0.0534,2.209,0.0596,2.322,0.000644,REC_0561,Optimize HVAC,0.3322,156189.36,13.0,High,2.5084
ORG001,Bengaluru Lab,"Bengaluru, IN",2024-03-02,4601.38,813.82,0.756,50759.3,Petrol,21.72,2.31,2.09,,0.0,0.0,64.5,11596,9.84,5,28.4,72.3,Rainy,105,8,PackWise,Services,2124.53,0.0004,0.0502,2.8634,0.0008,2.9144,0.000251,REC_0562,Optimize HVAC,0.9395,53199.83,16.0,Medium,3.2765
ORG001,Pune HQ,"Pune, IN",2024-03-24,1852.08,537.78,0.835,18291.2,Petrol,0.0,2.31,0.0,,0.0,0.0,82.4,296,9.02,75,35.1,42.4,Cloudy,27,10,ABC Plastics,Raw material,36865.33,0.0008,0.0,1.0974,0.0295,1.1269,0.003807,,,0.0,0.0,,,1.1311
ORG001,Mumbai Plant,"Mumbai, IN",2024-08-04,4503.93,1460.72,0.824,39619.63,Diesel,83.28,2.68,1.65,,0.0,0.0,82.7,15868,3.75,60,23.5,55.2,Humid,146,10,PackWise,Electronics,9773.07,0.0015,0.2232,2.5076,0.0147,2.7455,0.000173,,,0.0,0.0,,,2.764
ORG001,Mumbai Plant,"Mumbai, IN",2024-12-07,6343.19,591.92,0.821,67897.39,Diesel,81.64,2.68,5.48,,0.0,0.0,48.6,14466,8.54,15,20.8,40.8,Cloudy,110,10,LogiTrans,Services,28656.25,0.0004,0.2188,4.7218,0.0115,4.9521,0.000342,REC_0565,Policy,0.9729,56784.67,1.0,Low,5.5192
ORG001,Delhi Office,"Delhi, IN",2024-07-05,1284.26,392.25,0.811,12053.43,Petrol,0.0,2.31,0.0,,0.0,0.0,40.6,158,6.22,5,26.2,62.5,Sunny,15,8,ElectroParts,Raw material,9204.32,0.0008,0.0,0.7234,0.0074,0.7308,0.004625,REC_0566,Retrofit,0.2476,46386.71,22.0,Low,0.7987
ORG001,Bengaluru Lab,"Bengaluru, IN",2024-01-19,3990.13,579.72,0.889,40584.54,Petrol,0.0,2.31,0.0,,0.0,0.0,74.6,1261,17.85,75,29.2,83.2,Sunny,34,12,PackWise,Services,28629.94,0.0004,0.0,3.0319,0.0115,3.0434,0.002413,REC_0567,Supplier change,0.4433,9246.3,9.0,High,3.021
ORG001,Hyderabad Warehouse,"Hyderabad, IN",2024-06-25,2730.75,765.32,0.947,20994.68,Diesel,29.6,2.68,2.16,,0.0,0.0,38.9,20,19.51,45,17.5,25.4,Sunny,10,8,GreenSteel Co,Services,46293.69,0.0004,0.0793,1.8613,0.0185,1.9591,0.097955,,,0.0,0.0,,,2.1414
ORG001,Pune HQ,"Pune, IN",2024-04-09,1562.28,110.53,0.831,17312.52,Petrol,1.68,2.31,2.14,,0.0,0.0,42.4,504,14.45,5,26.1,73.2,Rainy,13,9,ABC Plastics,Services,43029.35,0.0004,0.0039,1.2064,0.0172,1.2275,0.002436,,,0.0,0.0,,,1.3706
ORG001,Mumbai Plant,"Mumbai, IN",2024-08-20,7135.2,2834.74,0.761,63973.24,Petrol,27.02,2.31,0.19,VEH010,165.08,14.52,40.5,11003,22.33,100,28.1,30.1,Cloudy,99,9,PackWise,Raw material,34846.72,0.0008,0.1013,3.2726,0.0279,3.4018,0.000309,REC_0570,Optimize HVAC,0.8576,60426.25,22.0,Medium,3.8834
ORG001,Bengaluru Lab,"Bengaluru, IN",2024-03-16,3946.16,1047.67,0.885,34099.71,CNG,0.0,2.75,0.0,,0.0,0.0,74.0,5689,16.03,100,29.2,82.6,Sunny,68,8,ABC Plastics,Electronics,35278.68,0.0015,0.0,2.5652,0.0529,2.6181,0.00046,,,0.0,0.0,,,2.9067
ORG001,Mumbai Plant,"Mumbai, IN",2024-09-21,7997.38,4336.28,0.784,67853.47,Diesel,105.24,2.68,0.19,,0.0,0.0,30.4,8226,13.33,75,27.4,48.9,Sunny,145,8,PackWise,Electronics,19466.6,0.0015,0.282,2.8703,0.0292,3.1815,0.000387,REC_0572,Retrofit,0.3193,10604.6,17.0,High,3.2329
ORG001,Bengaluru Lab,"Bengaluru, IN",2024-10-10,4337.92,893.33,0.824,44319.78,Petrol,0.0,2.31,0.0,,0.0,0.0,75.5,6314,15.27,100,31.0,65.2,Rainy,140,8,ABC Plastics,Electronics,17744.99,0.0015,0.0,2.8383,0.0266,2.8649,0.000454,,,0.0,0.0,,,2.9386
ORG001,Delhi Office,"Delhi, IN",2024-07-24,1718.54,618.36,0.841,12600.54,Natural Gas,0.0,2.06,0.0,,0.0,0.0,88.4,804,23.33,75,28.2,71.5,Cloudy,51,8,PackWise,Raw material,33137.19,0.0008,0.0,0.9252,0.0265,0.9517,0.001184,,,0.0,0.0,,,1.0491
ORG001,Mumbai Plant,"Mumbai, IN",2024-08-10,11318.84,3993.07,0.811,113126.51,Diesel,42.32,2.68,0.14,VEH003,43.69,5.17,37.6,11855,9.71,25,22.5,72.4,Cloudy,96,9,LogiTrans,Services,17276.84,0.0004,0.1273,5.9412,0.0069,6.0754,0.000512,,,0.0,0.0,,,6.9351
ORG001,Pune HQ,"Pune, IN",2024-02-21,515.82,166.07,0.854,4464.27,Petrol,25.12,2.31,0.28,,0.0,0.0,69.9,698,12.9,60,27.5,75.5,Sunny,48,9,GreenSteel Co,Raw material,53669.8,0.0008,0.058,0.2987,0.0429,0.3996,0.000572,REC_0576,Route optimization,0.1073,107114.5,18.0,Medium,0.3969
ORG001,Bengaluru Lab,"Bengaluru, IN",2024-12-04,4147.96,995.66,0.944,40083.16,Diesel,0.0,2.68,0.0,,0.0,0.0,92.8,7085,10.24,60,20.7,55.4,Rainy,168,12,GreenSteel Co,Packaging,32957.85,0.0006,0.0,2.9758,0.0198,2.9956,0.000423,,,0.0,0.0,,,3.0789
ORG001,Bengaluru Lab,"Bengaluru, IN",2024-05-23,4146.25,1069.69,0.811,36792.77,CNG,48.52,2.75,1.77,,0.0,0.0,35.2,6865,8.68,100,24.8,38.3,Sunny,93,8,ElectroParts,Services,25398.19,0.0004,0.1334,2.4951,0.0102,2.6387,0.000384,,,0.0,0.0,,,2.7637
ORG001,Delhi Office,"Delhi, IN",2024-03-09,1435.82,664.36,0.833,11266.19,Diesel,13.92,2.68,0.92,,0.0,0.0,58.1,882,17.42,100,30.8,25.1,Sunny,14,12,ElectroParts,Packaging,463.05,0.0006,0.0373,0.6426,0.0003,0.6802,0.000771,,,0.0,0.0,,,0.7024
ORG001,Pune HQ,"Pune, IN",2024-04-08,1994.55,911.64,0.863,18958.68,Petrol,7.62,2.31,0.63,,0.0,0.0,47.5,1078,4.08,100,36.8,40.8,Rainy,63,8,PackWise,Services,38615.92,0.0004,0.0176,0.9346,0.0154,0.9676,0.000898,,,0.0,0.0,,,0.9607
ORG001,Mumbai Plant,"Mumbai, IN",2024-01-25,10938.4,5872.51,0.777,107802.76,Petrol,0.0,2.31,0.0,,0.0,0.0,40.1,12943,6.72,75,19.1,63.3,Cloudy,243,8,ElectroParts,Packaging,5912.68,0.0006,0.0,3.9362,0.0035,3.9397,0.000304,,,0.0,0.0,,,3.8331
ORG001,Mumbai Plant,"Mumbai, IN",2024-02-22,5329.9,399.33,0.86,44599.74,Petrol,4.89,2.31,2.96,,0.0,0.0,60.9,15043,18.7,75,33.3,27.3,Cloudy,370,12,PackWise,Services,38340.75,0.0004,0.0113,4.2403,0.0153,4.2669,0.000284,,,0.0,0.0,,,4.5985
ORG001,Bengaluru Lab,"Bengaluru, IN",2024-05-30,4159.8,1170.96,0.727,31440.82,Diesel,15.51,2.68,0.52,VEH020,124.79,11.1,55.8,12660,22.13,45,31.6,28.9,Humid,130,8,PackWise,Raw material,37370.42,0.0008,0.0713,2.1729,0.0299,2.2741,0.00018,REC_0583,Optimize HVAC,0.6638,53601.66,18.0,Low,2.3817
ORG001,Pune HQ,"Pune, IN",2024-05-23,2421.94,573.17,0.719,23421.7,LPG,0.0,1.51,0.0,VEH004,46.16,4.55,50.7,1066,9.39,5,28.2,42.9,Cloudy,58,8,ElectroParts,Logistics,27384.91,0.0012,0.0122,1.3293,0.0329,1.3744,0.001289,,,0.0,0.0,,,1.5699
ORG001,Delhi Office,"Delhi, IN",2024-02-26,1232.72,208.37,0.804,11144.52,Diesel,0.0,2.68,0.0,,0.0,0.0,78.6,1177,12.02,45,29.8,77.1,Sunny,45,10,PackWise,Electronics,68185.16,0.0015,0.0,0.8236,0.1023,0.9259,0.000787,,,0.0,0.0,,,0.9684
ORG001,Hyderabad Warehouse,"Hyderabad, IN",2024-02-08,3793.91,444.29,0.899,40394.22,Natural Gas,0.0,2.06,0.0,VEH008,62.42,6.4,65.4,976,17.74,5,29.0,28.6,Sunny,57,9,PackWise,Packaging,49595.09,0.0006,0.0172,3.0113,0.0298,3.0583,0.003134,REC_0586,Policy,0.3274,37732.47,12.0,Medium,3.0492
ORG001,Pune HQ,"Pune, IN",2024-04-18,2031.91,921.04,0.819,19766.64,Petrol,0.0,2.31,0.0,,0.0,0.0,85.7,0,2.59,25,35.1,47.9,Cloudy,11,8,PackWise,Electronics,29052.46,0.0015,0.0,0.9098,0.0436,0.9534,0.0,,,0.0,0.0,,,1.0279
ORG001,Pune HQ,"Pune, IN",2024-06-29,1575.06,75.17,0.849,16860.06,CNG,0.0,2.75,0.0,VEH014,43.82,4.21,35.1,437,17.47,15,27.3,68.9,Cloudy,46,10,ABC Plastics,Packaging,36528.8,0.0006,0.0113,1.2734,0.0219,1.3066,0.00299,,,0.0,0.0,,,1.2839
ORG001,Delhi Office,"Delhi, IN",2024-02-11,2044.11,597.52,0.876,18225.09,Petrol,0.0,2.31,0.0,VEH014,58.06,5.44,81.0,1127,10.92,60,22.7,50.3,Sunny,80,10,LogiTrans,Packaging,3499.11,0.0006,0.0146,1.2672,0.0021,1.2839,0.001139,,,0.0,0.0,,,1.433
ORG001,Delhi Office,"Delhi, IN",2024-07-04,1498.47,315.08,0.674,11637.8,Natural Gas,0.0,2.06,0.0,,0.0,0.0,86.8,791,11.08,5,38.1,55.6,Sunny,10,8,LogiTrans,Logistics,54656.43,0.0012,0.0,0.7976,0.0656,0.8632,0.001091,,,0.0,0.0,,,0.9103
ORG001,Hyderabad Warehouse,"Hyderabad, IN",2024-08-10,2470.59,191.0,0.789,26058.74,Petrol,30.4,2.31,8.95,VEH016,0.09,0.01,42.9,755,21.78,25,22.8,55.4,Cloudy,27,9,ABC Plastics,Raw material,60470.37,0.0008,0.0702,1.7986,0.0484,1.9172,0.002539,,,0.0,0.0,,,2.1322
ORG001,Hyderabad Warehouse,"Hyderabad, IN",2024-05-01,2611.44,216.43,0.833,24990.33,Petrol,0.0,2.31,0.0,VEH003,25.16,2.37,40.2,832,20.47,5,26.9,28.6,Sunny,43,8,ABC Plastics,Electronics,10278.54,0.0015,0.0064,1.995,0.0154,2.0168,0.002424,,,0.0,0.0,,,1.9663
ORG001,Delhi Office,"Delhi, IN",2024-05-12,1321.31,815.29,0.823,12287.23,Diesel,0.0,2.68,0.0,,0.0,0.0,42.6,987,4.72,60,31.8,57.2,Sunny,15,10,ABC Plastics,Packaging,27221.92,0.0006,0.0,0.4165,0.0163,0.4328,0.000439,,,0.0,0.0,,,0.4338
ORG001,Mumbai Plant,"Mumbai, IN",2024-06-11,7404.21,1637.53,0.855,68347.6,Natural Gas,0.0,2.06,0.0,,0.0,0.0,68.9,14367,4.33,60,17.9,55.5,Rainy,137,8,GreenSteel Co,Services,16779.72,0.0004,0.0,4.9305,0.0067,4.9372,0.000344,,,0.0,0.0,,,4.7131
ORG001,Delhi Office,"Delhi, IN",2024-08-02,1343.88,256.19,0.801,11334.9,Natural Gas,45.7,2.06,0.25,,0.0,0.0,77.1,430,3.92,45,29.6,69.4,Humid,19,8,ABC Plastics,Services,526.0,0.0004,0.0941,0.8712,0.0002,0.9655,0.002245,,,0.0,0.0,,,1.054
ORG001,Pune HQ,"Pune, IN",2024-08-08,2701.29,1608.01,0.789,28170.66,Natural Gas,71.19,2.06,0.86,,0.0,0.0,66.6,946,19.79,100,29.7,39.5,Sunny,12,8,ElectroParts,Services,10342.12,0.0004,0.1467,0.8626,0.0041,1.0134,0.001071,,,0.0,0.0,,,0.9886
ORG001,Delhi Office,"Delhi, IN",2024-08-22,1482.67,120.53,0.784,11523.13,Petrol,14.89,2.31,0.62,,0.0,0.0,40.6,755,14.57,5,26.7,53.3,Cloudy,34,8,LogiTrans,Raw material,113373.03,0.0008,0.0344,1.0679,0.0907,1.193,0.00158,,,0.0,0.0,,,1.1987
ORG001,Pune HQ,"Pune, IN",2024-11-26,2088.61,110.42,0.759,21589.67,Diesel,43.6,2.68,0.53,VEH014,39.12,3.23,76.5,662,20.66,45,28.8,62.6,Humid,52,12,LogiTrans,Electronics,1220.38,0.0015,0.1255,1.5014,0.0018,1.6287,0.00246,,,0.0,0.0,,,1.6982
ORG001,Bengaluru Lab,"Bengaluru, IN",2024-05-25,3706.92,149.43,0.82,39554.73,CNG,29.5,2.75,2.37,,0.0,0.0,67.4,2539,16.19,60,38.5,82.4,Windy,42,8,ABC Plastics,Packaging,9212.85,0.0006,0.0811,2.9171,0.0055,3.0037,0.001183,REC_0599,Supplier change,0.528,4672.18,19.0,High,3.2469
ORG001,Delhi Office,"Delhi, IN",2024-08-26,1270.59,209.54,0.79,11675.36,Natural Gas,37.37,2.06,1.7,,0.0,0.0,55.5,819,15.2,60,24.5,47.8,Humid,68,8,ElectroParts,Packaging,10519.6,0.0006,0.077,0.8382,0.0063,0.9215,0.001125,,,0.0,0.0,,,1.0431
ORG001,Mumbai Plant,"Mumbai, IN",2024-03-16,5742.07,2954.04,0.809,53297.97,Diesel,0.0,2.68,0.0,VEH012,100.21,9.88,72.8,17026,8.82,60,34.3,28.7,Cloudy,394,9,ABC Plastics,Services,25491.69,0.0004,0.0265,2.2555,0.0102,2.2922,0.000135,,,0.0,0.0,,,2.2371
ORG001,Delhi Office,"Delhi, IN",2024-01-09,1734.1,835.61,0.893,12540.52,Diesel,53.71,2.68,1.71,,0.0,0.0,47.1,876,1.62,100,37.6,78.1,Rainy,13,8,ElectroParts,Logistics,80992.82,0.0012,0.1439,0.8024,0.0972,1.0435,0.001191,REC_0602,Retrofit,0.1778,16431.5,2.0,High,1.1251
ORG001,Pune HQ,"Pune, IN",2024-03-14,1887.33,231.06,0.807,14988.44,Petrol,31.48,2.31,0.41,,0.0,0.0,61.2,511,10.89,75,24.3,48.6,Cloudy,17,9,GreenSteel Co,Electronics,7011.16,0.0015,0.0727,1.3366,0.0105,1.4198,0.002778,,,0.0,0.0,,,1.5254
ORG001,Pune HQ,"Pune, IN",2024-09-09,1653.16,151.72,0.948,17157.77,Diesel,0.0,2.68,0.0,,0.0,0.0,39.1,837,9.56,25,28.5,57.2,Sunny,50,9,GreenSteel Co,Raw material,119676.98,0.0008,0.0,1.4234,0.0957,1.5191,0.001815,,,0.0,0.0,,,1.5434
ORG001,Bengaluru Lab,"Bengaluru, IN",2024-08-17,2981.16,337.12,0.83,34705.26,Natural Gas,0.0,2.06,0.0,VEH012,183.98,14.76,32.3,1102,11.59,60,34.3,64.7,Cloudy,18,12,ElectroParts,Packaging,41761.43,0.0006,0.0396,2.1946,0.0251,2.2593,0.00205,,,0.0,0.0,,,2.5602
ORG001,Delhi Office,"Delhi, IN",2024-01-07,1625.23,263.77,0.84,15085.89,LPG,43.7,1.51,0.17,,0.0,0.0,86.5,494,16.02,75,31.9,71.0,Windy,23,10,ABC Plastics,Packaging,25437.97,0.0006,0.066,1.1436,0.0153,1.2249,0.00248,,,0.0,0.0,,,1.2823
ORG001,Pune HQ,"Pune, IN",2024-06-22,1902.62,527.59,0.81,20993.86,Diesel,1.25,2.68,7.09,,0.0,0.0,38.3,688,8.47,60,27.8,54.1,Sunny,38,8,ElectroParts,Logistics,24130.7,0.0012,0.0034,1.1138,0.029,1.1462,0.001666,,,0.0,0.0,,,1.1205
ORG001,Hyderabad Warehouse,"Hyderabad, IN",2024-05-20,3422.16,159.9,0.733,28961.71,Diesel,20.32,2.68,0.57,VEH014,184.79,18.9,77.1,895,23.34,15,29.2,25.1,Windy,46,9,ElectroParts,Services,14647.26,0.0004,0.1052,2.3912,0.0059,2.5023,0.002796,,,0.0,0.0,,,2.625
ORG001,Delhi Office,"Delhi, IN",2024-06-16,1566.86,748.7,0.836,14460.26,Diesel,3.38,2.68,0.11,,0.0,0.0,76.9,1234,7.85,45,33.3,43.3,Sunny,24,10,ElectroParts,Services,11503.14,0.0004,0.0091,0.684,0.0046,0.6977,0.000565,REC_0609,Policy,0.1816,111067.38,8.0,Medium,0.6684
ORG001,Mumbai Plant,"Mumbai, IN",2024-06-18,8674.67,1046.31,0.732,81256.0,Petrol,0.0,2.31,0.0,,0.0,0.0,83.2,12856,19.07,60,20.4,77.6,Sunny,480,12,ABC Plastics,Services,50884.01,0.0004,0.0,5.584,0.0204,5.6044,0.000436,,,0.0,0.0,,,5.8998
ORG001,Hyderabad Warehouse,"Hyderabad, IN",2024-10-09,2090.29,321.42,0.764,20945.82,Natural Gas,0.0,2.06,0.0,,0.0,0.0,73.6,196,10.78,100,27.4,64.5,Sunny,33,9,LogiTrans,Raw material,20335.18,0.0008,0.0,1.3514,0.0163,1.3677,0.006978,,,0.0,0.0,,,1.4499
ORG001,Hyderabad Warehouse,"Hyderabad, IN",2024-05-01,2563.48,104.54,0.854,25118.25,Diesel,7.58,2.68,1.02,VEH006,34.16,2.81,39.6,320,19.1,100,24.1,69.5,Sunny,40,8,LogiTrans,Packaging,5305.75,0.0006,0.0278,2.0999,0.0032,2.1309,0.006659,,,0.0,0.0,,,2.2129
ORG001,Hyderabad Warehouse,"Hyderabad, IN",2024-07-12,3025.64,501.09,0.769,29328.79,Diesel,24.92,2.68,1.25,,0.0,0.0,36.4,600,3.47,100,38.1,58.6,Windy,37,12,LogiTrans,Packaging,1078.15,0.0006,0.0668,1.9414,0.0006,2.0088,0.003348,,,0.0,0.0,,,2.2249
ORG001,Bengaluru Lab,"Bengaluru, IN",2024-01-05,3228.84,549.34,0.854,37951.35,Diesel,0.0,2.68,0.0,,0.0,0.0,38.9,7339,12.26,25,34.9,58.1,Sunny,60,8,ABC Plastics,Logistics,12625.77,0.0012,0.0,2.2883,0.0152,2.3035,0.000314,REC_0614,Route optimization,0.4266,23288.7,1.0,Medium,2.4921
ORG001,Pune HQ,"Pune, IN",2024-01-29,2368.31,834.65,0.814,22661.06,Petrol,74.15,2.31,0.68,,0.0,0.0,85.8,210,22.43,15,27.0,28.3,Windy,27,10,GreenSteel Co,Services,21685.21,0.0004,0.1713,1.2484,0.0087,1.4284,0.006802,REC_0615,Route optimization,0.1815,17695.97,18.0,High,1.3868
ORG001,Pune HQ,"Pune, IN",2024-06-13,1184.06,33.61,0.808,10996.88,Petrol,0.0,2.31,0.0,,0.0,0.0,52.3,1046,10.47,45,34.3,28.6,Sunny,13,9,PackWise,Raw material,50384.43,0.0008,0.0,0.9296,0.0403,0.9699,0.000927,REC_0616,Route optimization,0.1886,3260.36,11.0,Low,1.0395
ORG001,Pune HQ,"Pune, IN",2024-12-04,3036.15,272.61,0.865,33931.75,CNG,63.7,2.75,2.09,VEH005,196.63,29.73,79.5,1055,12.59,5,28.0,43.7,Humid,57,9,ABC Plastics,Raw material,3730.47,0.0008,0.2549,2.3905,0.003,2.6484,0.00251,REC_0617,Supplier change,0.3384,94336.68,2.0,Medium,2.7144
ORG001,Bengaluru Lab,"Bengaluru, IN",2024-05-15,3729.11,442.63,0.743,35078.14,Petrol,0.0,2.31,0.0,,0.0,0.0,67.1,6338,2.04,100,25.0,60.9,Sunny,81,8,ElectroParts,Logistics,25229.16,0.0012,0.0,2.4419,0.0303,2.4722,0.00039,,,0.0,0.0,,,2.4295
ORG001,Bengaluru Lab,"Bengaluru, IN",2024-12-30,4178.25,836.82,0.739,37763.2,Diesel,0.0,2.68,0.0,VEH013,234.85,26.34,51.4,7322,10.61,5,28.5,72.8,Rainy,216,8,PackWise,Electronics,3895.31,0.0015,0.0706,2.4693,0.0058,2.5457,0.000348,,,0.0,0.0,,,2.6571
ORG001,Mumbai Plant,"Mumbai, IN",2024-11-16,9579.64,1853.86,0.808,82872.58,Petrol,0.0,2.31,0.0,,0.0,0.0,71.2,13745,18.31,60,38.0,40.7,Cloudy,130,10,LogiTrans,Logistics,72296.25,0.0012,0.0,6.2424,0.0868,6.3292,0.00046,,,0.0,0.0,,,6.847
ORG001,Bengaluru Lab,"Bengaluru, IN",2024-12-07,1633.46,622.21,0.784,19846.02,Natural Gas,0.0,2.06,0.0,,0.0,0.0,37.5,6376,3.12,60,31.2,69.7,Humid,158,9,LogiTrans,Packaging,176.31,0.0006,0.0,0.7928,0.0001,0.7929,0.000124,,,0.0,0.0,,,0.7672
ORG001,Hyderabad Warehouse,"Hyderabad, IN",2024-05-24,2500.61,38.14,0.817,22844.78,Petrol,0.0,2.31,0.0,,0.0,0.0,68.6,366,20.28,100,26.8,36.5,Cloudy,36,12,LogiTrans,Services,23604.85,0.0004,0.0,2.0118,0.0094,2.0212,0.005522,REC_0622,Supplier change,0.6673,67380.81,8.0,Medium,2.3189
ORG001,Mumbai Plant,"Mumbai, IN",2024-11-22,12836.71,2470.03,0.918,71880.45,Diesel,0.0,2.68,0.0,VEH020,288.97,23.02,90.7,17534,18.72,75,26.3,33.3,Humid,145,9,ABC Plastics,Raw material,23604.82,0.0008,0.0617,9.5166,0.0189,9.5972,0.000547,,,0.0,0.0,,,10.1245
ORG001,Hyderabad Warehouse,"Hyderabad, IN",2024-08-04,3297.7,1399.73,0.73,36929.37,Petrol,0.0,2.31,0.0,VEH005,188.31,20.26,61.2,859,6.43,75,24.8,53.0,Windy,57,10,GreenSteel Co,Services,9775.48,0.0004,0.0543,1.3855,0.0039,1.4437,0.001681,,,0.0,0.0,,,1.6387
ORG001,Pune HQ,"Pune, IN",2024-10-27,2332.26,255.84,0.776,19784.57,LPG,58.27,1.51,0.02,,0.0,0.0,68.2,1424,16.09,5,30.6,49.2,Rainy,59,8,ABC Plastics,Raw material,51858.12,0.0008,0.088,1.6113,0.0415,1.7408,0.001222,,,0.0,0.0,,,1.8952
ORG001,Delhi Office,"Delhi, IN",2024-05-11,1741.3,441.42,0.841,17015.72,Diesel,0.0,2.68,0.0,,0.0,0.0,49.2,1645,11.55,25,33.1,64.5,Cloudy,111,9,LogiTrans,Electronics,48475.42,0.0015,0.0,1.0932,0.0727,1.1659,0.000709,,,0.0,0.0,,,1.1651
ORG001,Delhi Office,"Delhi, IN",2024-10-18,1350.29,417.51,0.871,14318.67,Diesel,12.76,2.68,1.04,VEH014,125.88,10.66,64.1,858,0.86,15,28.7,61.7,Windy,23,10,PackWise,Services,16347.75,0.0004,0.0628,0.8124,0.0065,0.8817,0.001028,,,0.0,0.0,,,0.8912
ORG001,Delhi Office,"Delhi, IN",2024-03-10,1350.37,235.76,0.851,14092.74,Diesel,56.62,2.68,0.23,,0.0,0.0,39.2,0,13.21,60,25.1,25.0,Sunny,7,8,PackWise,Electronics,2964.8,0.0015,0.1517,0.9485,0.0044,1.1046,0.0,,,0.0,0.0,,,1.2136
ORG001,Pune HQ,"Pune, IN",2024-09-08,2429.18,1248.2,0.878,21020.74,Diesel,0.0,2.68,0.0,VEH009,107.21,11.63,92.2,638,8.09,5,22.2,80.6,Rainy,49,9,GreenSteel Co,Services,2082.24,0.0004,0.0312,1.0369,0.0008,1.0689,0.001675,REC_0629,Route optimization,0.1236,68873.87,21.0,Low,1.1472
ORG001,Bengaluru Lab,"Bengaluru, IN",2024-10-01,3510.81,161.11,0.881,35983.04,LPG,0.0,1.51,0.0,,0.0,0.0,78.4,7770,21.88,25,17.1,46.9,Sunny,74,8,ABC Plastics,Packaging,18840.94,0.0006,0.0,2.9511,0.0113,2.9624,0.000381,REC_0630,Retrofit,0.3413,70580.87,6.0,Medium,3.2051
ORG001,Hyderabad Warehouse,"Hyderabad, IN",2024-12-29,1935.68,427.0,0.847,21291.42,Diesel,0.0,2.68,0.0,,0.0,0.0,68.7,1078,13.72,25,32.8,29.9,Humid,58,10,PackWise,Raw material,36128.21,0.0008,0.0,1.2779,0.0289,1.3068,0.001212,REC_0631,Supplier change,0.4128,12113.51,4.0,Low,1.5
ORG001,Bengaluru Lab,"Bengaluru, IN",2024-06-30,3846.58,1270.94,0.83,32120.11,Petrol,0.0,2.31,0.0,,0.0,0.0,93.6,9851,10.25,60,28.3,36.3,Humid,85,8,LogiTrans,Services,28103.03,0.0004,0.0,2.1378,0.0112,2.149,0.000218,,,0.0,0.0,,,2.0721
ORG001,Delhi Office,"Delhi, IN",2024-06-15,1542.84,66.09,0.82,15598.0,LPG,7.35,1.51,0.93,VEH016,282.84,28.14,50.3,499,16.99,5,28.7,79.4,Sunny,12,8,ElectroParts,Packaging,45896.2,0.0006,0.0865,1.2109,0.0275,1.3249,0.002655,REC_0633,Supplier change,0.4454,56640.75,19.0,Medium,1.4891
ORG001,Delhi Office,"Delhi, IN",2024-03-31,1840.15,255.39,0.774,18676.1,Petrol,16.32,2.31,2.53,VEH002,124.44,11.34,32.2,972,17.53,45,27.5,39.1,Rainy,45,9,GreenSteel Co,Electronics,22593.42,0.0015,0.0681,1.2266,0.0339,1.3286,0.001367,,,0.0,0.0,,,1.3921
ORG001,Hyderabad Warehouse,"Hyderabad, IN",2024-07-20,2254.28,1286.42,0.774,24978.0,Petrol,0.0,2.31,0.0,VEH020,91.33,12.76,62.4,58,16.01,100,30.4,50.9,Rainy,46,8,ABC Plastics,Raw material,74710.77,0.0008,0.0342,0.7491,0.0598,0.8431,0.014536,,,0.0,0.0,,,0.8033
ORG001,Delhi Office,"Delhi, IN",2024-12-11,1493.44,118.33,0.845,12921.75,Petrol,3.34,2.31,1.15,VEH007,132.48,12.12,67.3,680,17.82,25,23.5,69.4,Cloudy,68,9,LogiTrans,Logistics,23298.55,0.0012,0.0402,1.162,0.028,1.2302,0.001809,REC_0636,Route optimization,0.2459,11700.53,17.0,Medium,1.3461
ORG001,Mumbai Plant,"Mumbai, IN",2024-01-19,9620.59,1053.16,0.886,88745.05,Diesel,0.0,2.68,0.0,,0.0,0.0,63.7,10257,3.23,60,25.5,76.1,Cloudy,247,8,GreenSteel Co,Packaging,51021.23,0.0006,0.0,7.5907,0.0306,7.6213,0.000743,,,0.0,0.0,,,7.4998
ORG001,Hyderabad Warehouse,"Hyderabad, IN",2024-02-08,2386.32,610.75,0.779,22669.91,Petrol,41.43,2.31,1.48,,0.0,0.0,50.9,586,15.84,60,19.1,33.4,Sunny,65,8,LogiTrans,Packaging,32764.21,0.0006,0.0957,1.3832,0.0197,1.4986,0.002557,,,0.0,0.0,,,1.6643
ORG001,Hyderabad Warehouse,"Hyderabad, IN",2024-05-05,3091.64,1233.49,0.803,35139.41,Petrol,0.0,2.31,0.0,VEH004,153.57,16.84,76.9,524,0.29,25,26.8,28.8,Cloudy,53,8,ABC Plastics,Electronics,35523.15,0.0015,0.0451,1.4921,0.0533,1.5905,0.003035,,,0.0,0.0,,,1.7264
ORG001,Hyderabad Warehouse,"Hyderabad, IN",2024-06-21,2584.11,1210.03,0.816,26597.39,Petrol,0.0,2.31,0.0,,0.0,0.0,33.2,497,5.39,45,36.0,71.4,Windy,52,9,PackWise,Logistics,5480.63,0.0012,0.0,1.1213,0.0066,1.1279,0.002269,,,0.0,0.0,,,1.1637
ORG001,Hyderabad Warehouse,"Hyderabad, IN",2024-05-20,2258.51,298.78,0.831,23371.21,Petrol,0.0,2.31,0.0,,0.0,0.0,33.2,654,2.84,60,20.4,67.1,Rainy,34,9,GreenSteel Co,Electronics,31355.08,0.0015,0.0,1.6285,0.047,1.6755,0.002562,REC_0641,Route optimization,0.4463,57206.49,3.0,Low,1.7471
ORG001,Mumbai Plant,"Mumbai, IN",2024-08-29,8926.6,1205.49,0.788,79341.74,Diesel,0.0,2.68,0.0,VEH018,31.51,3.7,49.8,16007,7.91,100,28.7,80.4,Sunny,137,8,GreenSteel Co,Services,12992.78,0.0004,0.0099,6.0842,0.0052,6.0993,0.000381,REC_0642,Optimize HVAC,2.1259,67004.87,7.0,Medium,6.4614
ORG001,Hyderabad Warehouse,"Hyderabad, IN",2024-08-07,3425.76,74.98,0.809,33450.01,Diesel,37.47,2.68,1.18,,0.0,0.0,49.3,862,5.77,5,31.8,56.0,Cloudy,32,8,ElectroParts,Packaging,11218.69,0.0006,0.1004,2.7108,0.0067,2.8179,0.003269,,,0.0,0.0,,,3.2079
ORG001,Delhi Office,"Delhi, IN",2024-05-05,1725.46,882.19,0.776,20156.75,Diesel,24.8,2.68,6.37,VEH003,45.36,5.01,38.4,1067,10.93,15,20.5,38.2,Sunny,29,10,PackWise,Raw material,64084.63,0.0008,0.0799,0.6544,0.0513,0.7856,0.000736,REC_0644,Optimize HVAC,0.2519,55798.8,9.0,High,0.8046
ORG001,Delhi Office,"Delhi, IN",2024-02-27,914.3,51.2,0.808,9614.63,LPG,0.0,1.51,0.0,,0.0,0.0,77.8,1320,13.48,25,12.0,57.5,Sunny,48,8,PackWise,Raw material,121247.52,0.0008,0.0,0.6974,0.097,0.7944,0.000602,,,0.0,0.0,,,0.7655
ORG001,Bengaluru Lab,"Bengaluru, IN",2024-05-27,2302.43,348.46,0.858,25463.51,Diesel,52.64,2.68,0.35,VEH015,2.24,0.22,62.2,2209,4.2,60,32.9,77.4,Humid,108,9,ABC Plastics,Packaging,44359.59,0.0006,0.1417,1.6765,0.0266,1.8448,0.000835,,,0.0,0.0,,,1.8038
ORG001,Delhi Office,"Delhi, IN",2024-11-12,1262.33,320.43,0.839,10606.33,Natural Gas,0.0,2.06,0.0,VEH019,215.15,20.21,58.1,513,21.34,5,26.5,84.8,Sunny,47,8,PackWise,Services,14370.66,0.0004,0.0542,0.7903,0.0057,0.8502,0.001657,,,0.0,0.0,,,0.8435
ORG001,Delhi Office,"Delhi, IN",2024-12-26,1949.03,621.25,0.75,18780.48,Diesel,39.87,2.68,1.08,,0.0,0.0,68.9,1357,18.48,100,33.3,73.4,Humid,55,10,PackWise,Electronics,14765.52,0.0015,0.1069,0.9958,0.0221,1.1248,0.000829,,,0.0,0.0,,,1.1426
ORG001,Pune HQ,"Pune, IN",2024-01-01,1400.1,60.73,0.746,15526.0,Petrol,0.0,2.31,0.0,,0.0,0.0,40.6,785,17.49,15,26.3,45.3,Sunny,46,10,LogiTrans,Raw material,56482.06,0.0008,0.0,0.9992,0.0452,1.0444,0.00133,REC_0649,Supplier change,0.0605,95706.03,12.0,High,1.052
ORG001,Pune HQ,"Pune, IN",2024-12-13,1847.51,271.95,0.821,18632.39,Natural Gas,0.0,2.06,0.0,,0.0,0.0,85.0,1257,18.87,60,31.3,49.5,Sunny,38,9,PackWise,Raw material,85898.53,0.0008,0.0,1.2935,0.0687,1.3622,0.001084,,,0.0,0.0,,,1.4949
ORG001,Bengaluru Lab,"Bengaluru, IN",2024-07-08,3169.08,537.94,0.809,26416.27,Diesel,34.74,2.68,0.5,VEH011,163.42,16.63,46.0,2539,12.27,45,30.5,42.2,Rainy,34,10,GreenSteel Co,Services,57645.1,0.0004,0.1377,2.1286,0.0231,2.2894,0.000902,REC_0651,Policy,0.7111,44227.52,20.0,Medium,2.3653
ORG001,Delhi Office,"Delhi, IN",2024-07-09,1524.16,320.97,0.823,12436.89,Natural Gas,62.25,2.06,2.1,VEH015,1.29,0.22,41.5,829,20.8,100,34.4,59.1,Sunny,20,8,LogiTrans,Raw material,49692.16,0.0008,0.1288,0.9902,0.0398,1.1588,0.001398,,,0.0,0.0,,,1.1312
ORG001,Bengaluru Lab,"Bengaluru, IN",2024-11-07,4005.69,993.5,0.717,33774.9,Petrol,0.0,2.31,0.0,VEH014,70.31,9.87,59.6,5079,0.65,45,36.9,38.2,Sunny,35,8,ABC Plastics,Logistics,6110.6,0.0012,0.0265,2.1597,0.0073,2.1935,0.000432,,,0.0,0.0,,,2.491
ORG001,Delhi Office,"Delhi, IN",2024-04-26,1221.65,165.98,0.717,9915.5,Natural Gas,10.98,2.06,0.82,,0.0,0.0,76.6,712,14.66,100,30.7,78.4,Sunny,46,8,PackWise,Services,38003.49,0.0004,0.0226,0.7569,0.0152,0.7947,0.001116,,,0.0,0.0,,,0.777
ORG001,Bengaluru Lab,"Bengaluru, IN",2024-05-13,5048.28,318.13,0.799,45702.62,Natural Gas,47.46,2.06,1.13,,0.0,0.0,89.3,7692,13.67,45,30.6,79.9,Sunny,92,9,PackWise,Services,6515.78,0.0004,0.0978,3.7794,0.0026,3.8798,0.000504,,,0.0,0.0,,,3.9432
ORG001,Mumbai Plant,"Mumbai, IN",2024-02-27,7839.01,3410.88,0.877,68595.01,Diesel,4.88,2.68,0.01,,0.0,0.0,69.9,13905,5.27,75,27.6,46.7,Rainy,112,9,ABC Plastics,Electronics,37953.42,0.0015,0.0131,3.8835,0.0569,3.9535,0.000284,,,0.0,0.0,,,3.8009
ORG001,Bengaluru Lab,"Bengaluru, IN",2024-02-13,4141.57,1342.46,0.903,38747.13,Diesel,23.17,2.68,0.22,VEH010,180.27,22.54,87.6,11542,18.12,45,30.4,76.3,Rainy,426,9,LogiTrans,Logistics,3376.74,0.0012,0.1225,2.5276,0.0041,2.6542,0.00023,REC_0657,Supplier change,0.8906,114196.83,1.0,Low,2.9626
ORG001,Pune HQ,"Pune, IN",2024-06-21,1686.7,229.74,0.84,18049.68,Petrol,8.77,2.31,0.53,VEH011,154.45,16.15,51.6,1044,7.66,60,22.8,70.2,Rainy,68,9,GreenSteel Co,Raw material,1000.58,0.0008,0.06359999999999999,1.2238,0.0008,1.2882,0.001234,,,0.0,0.0,,,1.3714
ORG001,Hyderabad Warehouse,"Hyderabad, IN",2024-06-08,2670.87,596.12,0.912,26726.25,CNG,13.78,2.75,2.34,,0.0,0.0,33.4,1133,1.88,45,27.3,43.3,Cloudy,11,10,ElectroParts,Raw material,57830.61,0.0008,0.0379,1.8922,0.0463,1.9764,0.001744,,,0.0,0.0,,,2.1841
ORG001,Delhi Office,"Delhi, IN",2024-06-21,2433.61,306.3,0.844,23114.77,LPG,20.44,1.51,0.9,VEH017,27.85,3.33,36.7,677,13.74,75,33.4,31.7,Humid,54,10,ElectroParts,Logistics,44043.37,0.0012,0.0398,1.7955,0.0529,1.8882,0.002789,,,0.0,0.0,,,2.025
ORG001,Delhi Office,"Delhi, IN",2024-11-12,1026.4,243.5,0.89,7724.6,Natural Gas,18.75,2.06,3.82,,0.0,0.0,73.8,777,15.94,25,22.1,25.2,Sunny,11,8,LogiTrans,Packaging,21790.63,0.0006,0.0386,0.6968,0.0131,0.7485,0.000963,REC_0661,Retrofit,0.1759,74501.1,13.0,High,0.8362
ORG001,Delhi Office,"Delhi, IN",2024-10-29,1443.34,344.4,0.807,14085.95,Diesel,0.0,2.68,0.0,,0.0,0.0,55.5,386,4.36,60,30.1,61.6,Cloudy,40,8,GreenSteel Co,Logistics,50096.35,0.0012,0.0,0.8868,0.0601,0.9469,0.002453,,,0.0,0.0,,,0.9196
ORG001,Hyderabad Warehouse,"Hyderabad, IN",2024-05-28,2620.99,368.2,0.806,22646.63,Diesel,0.0,2.68,0.0,,0.0,0.0,62.4,953,11.23,15,15.8,55.0,Cloudy,16,8,ABC Plastics,Logistics,20883.8,0.0012,0.0,1.8158,0.0251,1.8409,0.001932,,,0.0,0.0,,,1.8864
ORG001,Bengaluru Lab,"Bengaluru, IN",2024-03-20,4355.45,610.08,0.849,43241.77,Diesel,22.61,2.68,1.73,,0.0,0.0,57.1,6331,15.57,5,19.1,50.6,Sunny,60,8,LogiTrans,Logistics,17763.6,0.0012,0.0606,3.1798,0.0213,3.2617,0.000515,,,0.0,0.0,,,3.1641
ORG001,Hyderabad Warehouse,"Hyderabad, IN",2024-07-31,1579.28,288.64,0.798,16138.92,Natural Gas,0.0,2.06,0.0,,0.0,0.0,69.5,1690,4.85,75,19.4,58.2,Cloudy,25,10,GreenSteel Co,Services,12203.78,0.0004,0.0,1.0299,0.0049,1.0348,0.000612,,,0.0,0.0,,,1.086
ORG001,Mumbai Plant,"Mumbai, IN",2024-07-21,8525.88,2667.63,0.801,90105.69,CNG,113.18,2.75,0.57,,0.0,0.0,70.7,13923,0.43,15,29.3,51.2,Sunny,121,10,GreenSteel Co,Raw material,36128.2,0.0008,0.3112,4.6925,0.0289,5.0326,0.000361,,,0.0,0.0,,,5.1421
ORG001,Hyderabad Warehouse,"Hyderabad, IN",2024-09-08,931.11,490.34,0.87,7888.8,CNG,0.0,2.75,0.0,,0.0,0.0,47.6,333,13.05,75,22.6,55.7,Sunny,10,8,GreenSteel Co,Electronics,544.07,0.0015,0.0,0.3835,0.0008,0.3843,0.001154,,,0.0,0.0,,,0.4255
ORG001,Bengaluru Lab,"Bengaluru, IN",2024-08-16,3403.41,822.37,0.741,32538.57,Diesel,0.0,2.68,0.0,VEH015,61.13,5.32,90.7,8738,5.02,5,28.9,67.2,Sunny,291,9,ElectroParts,Services,21554.27,0.0004,0.0143,1.9126,0.0086,1.9355,0.000222,,,0.0,0.0,,,1.8706
ORG001,Pune HQ,"Pune, IN",2024-06-12,1425.5,268.06,0.819,14922.65,Diesel,0.0,2.68,0.0,,0.0,0.0,47.5,801,21.63,75,24.3,31.9,Rainy,40,9,PackWise,Services,23812.42,0.0004,0.0,0.9479,0.0095,0.9574,0.001195,,,0.0,0.0,,,0.9373
ORG001,Pune HQ,"Pune, IN",2024-08-14,1179.59,87.43,0.771,10870.06,Diesel,9.94,2.68,0.19,,0.0,0.0,58.5,637,15.03,15,25.6,59.8,Rainy,60,9,ElectroParts,Packaging,7934.09,0.0006,0.0266,0.8421,0.0048,0.8735,0.001371,,,0.0,0.0,,,0.9896
ORG001,Hyderabad Warehouse,"Hyderabad, IN",2024-05-26,3079.87,184.91,0.861,25667.41,Petrol,28.91,2.31,3.46,,0.0,0.0,64.9,822,6.71,100,32.4,33.1,Sunny,15,9,LogiTrans,Logistics,7131.36,0.0012,0.0668,2.4926,0.0086,2.568,0.003124,REC_0671,Retrofit,0.5872,99937.89,12.0,Low,2.5327
ORG001,Mumbai Plant,"Mumbai, IN",2024-01-20,4633.44,1109.77,0.853,45704.09,Diesel,76.0,2.68,5.27,,0.0,0.0,34.6,12859,12.81,45,25.1,76.0,Sunny,168,10,PackWise,Raw material,46927.55,0.0008,0.2037,3.0057,0.0375,3.2469,0.000253,,,0.0,0.0,,,3.5286
ORG001,Hyderabad Warehouse,"Hyderabad, IN",2024-02-16,2880.59,362.79,0.794,21082.17,Diesel,0.0,2.68,0.0,VEH016,224.5,27.51,61.3,940,5.53,45,24.1,64.7,Sunny,70,10,PackWise,Packaging,10953.73,0.0006,0.0737,1.9991,0.0066,2.0794,0.002212,REC_0673,Retrofit,0.3084,25728.37,2.0,Medium,2.1962
ORG001,Bengaluru Lab,"Bengaluru, IN",2024-08-20,2450.94,956.16,0.768,23807.78,Petrol,0.0,2.31,0.0,VEH009,126.17,9.19,34.0,6045,20.38,15,22.3,43.8,Sunny,58,9,ElectroParts,Raw material,74666.07,0.0008,0.0246,1.148,0.0597,1.2323,0.000204,,,0.0,0.0,,,1.3686
ORG001,Hyderabad Warehouse,"Hyderabad, IN",2024-10-31,2927.87,1005.12,0.883,24460.82,Natural Gas,68.23,2.06,4.27,VEH012,178.79,15.46,32.2,357,4.89,100,25.5,66.8,Cloudy,29,8,ElectroParts,Raw material,91123.76,0.0008,0.182,1.6978,0.0729,1.9527,0.00547,,,0.0,0.0,,,1.9334
ORG001,Hyderabad Warehouse,"Hyderabad, IN",2024-01-14,2503.21,146.09,0.863,29070.36,Natural Gas,10.24,2.06,1.82,,0.0,0.0,42.5,356,15.03,45,22.0,78.1,Rainy,33,9,LogiTrans,Electronics,72140.4,0.0015,0.0211,2.0342,0.1082,2.1635,0.006077,,,0.0,0.0,,,2.3097
ORG001,Delhi Office,"Delhi, IN",2024-05-22,1497.58,272.31,0.864,18405.91,CNG,0.0,2.75,0.0,,0.0,0.0,42.5,1026,8.0,25,23.7,71.5,Sunny,23,10,PackWise,Raw material,33337.99,0.0008,0.0,1.0586,0.0267,1.0853,0.001058,,,0.0,0.0,,,1.2145
ORG001,Mumbai Plant,"Mumbai, IN",2024-01-01,10054.38,2773.81,0.858,122550.21,Diesel,29.69,2.68,1.9,,0.0,0.0,73.9,13249,6.53,45,35.4,48.8,Cloudy,240,12,ABC Plastics,Packaging,4636.36,0.0006,0.0796,6.2467,0.0028,6.3291,0.000478,REC_0678,Supplier change,0.3854,8124.86,13.0,Medium,6.565
ORG001,Hyderabad Warehouse,"Hyderabad, IN",2024-02-23,2401.35,64.02,0.827,21226.63,Natural Gas,0.0,2.06,0.0,,0.0,0.0,82.4,415,19.13,75,28.5,79.2,Cloudy,16,8,LogiTrans,Raw material,37877.92,0.0008,0.0,1.933,0.0303,1.9633,0.004731,,,0.0,0.0,,,2.1286
ORG001,Delhi Office,"Delhi, IN",2024-09-15,1758.13,230.89,0.87,15715.83,Diesel,0.0,2.68,0.0,,0.0,0.0,81.0,932,19.62,100,33.9,50.4,Sunny,48,8,ABC Plastics,Services,26213.31,0.0004,0.0,1.3287,0.0105,1.3392,0.001437,,,0.0,0.0,,,1.5021
ORG001,Delhi Office,"Delhi, IN",2024-05-23,1276.82,504.93,0.811,13157.0,Diesel,3.3,2.68,0.34,VEH020,256.96,30.47,30.2,833,22.02,100,34.9,45.0,Sunny,44,12,ElectroParts,Electronics,2465.72,0.0015,0.0905,0.626,0.0037,0.7202,0.000865,,,0.0,0.0,,,0.7573
ORG001,Mumbai Plant,"Mumbai, IN",2024-01-12,8135.46,4321.35,0.877,68141.93,Petrol,0.0,2.31,0.0,,0.0,0.0,81.1,9929,6.57,5,29.8,61.4,Cloudy,191,10,PackWise,Services,8278.45,0.0004,0.0,3.345,0.0033,3.3483,0.000337,,,0.0,0.0,,,3.6756
ORG001,Bengaluru Lab,"Bengaluru, IN",2024-11-25,3245.08,656.69,0.85,34252.41,Diesel,20.98,2.68,2.47,,0.0,0.0,85.5,8923,0.96,25,20.2,62.3,Cloudy,73,9,ElectroParts,Raw material,35080.78,0.0008,0.0562,2.2001,0.0281,2.2844,0.000256,,,0.0,0.0,,,2.2976
ORG001,Bengaluru Lab,"Bengaluru, IN",2024-08-11,4321.67,774.22,0.779,33816.35,Natural Gas,68.09,2.06,1.26,VEH015,122.36,18.27,48.9,6944,7.87,60,31.8,70.9,Sunny,43,8,ElectroParts,Logistics,20369.89,0.0012,0.18930000000000002,2.7635,0.0244,2.9772,0.000429,,,0.0,0.0,,,3.0595
ORG001,Pune HQ,"Pune, IN",2024-09-28,1768.9,34.01,0.872,12985.86,Diesel,26.26,2.68,1.84,,0.0,0.0,85.7,1313,10.15,5,27.1,36.4,Cloudy,16,12,LogiTrans,Services,26373.71,0.0004,0.0704,1.5128,0.0105,1.5937,0.001214,,,0.0,0.0,,,1.6771
ORG001,Bengaluru Lab,"Bengaluru, IN",2024-12-23,3033.89,532.95,0.93,23162.1,Petrol,23.02,2.31,5.91,,0.0,0.0,36.5,5331,1.0,60,28.4,59.5,Humid,210,8,PackWise,Services,13658.92,0.0004,0.0532,2.3259,0.0055,2.3846,0.000447,REC_0686,Optimize HVAC,0.4312,41586.89,4.0,Medium,2.5625
ORG001,Hyderabad Warehouse,"Hyderabad, IN",2024-06-04,2033.62,657.79,0.85,18590.65,Petrol,0.84,2.31,2.14,VEH005,51.07,4.24,81.4,657,11.13,60,22.4,44.3,Sunny,48,9,ABC Plastics,Electronics,16988.24,0.0015,0.013300000000000001,1.1695,0.0255,1.2083,0.001839,,,0.0,0.0,,,1.158
ORG001,Mumbai Plant,"Mumbai, IN",2024-01-08,9569.78,2170.21,0.743,100475.95,Petrol,27.02,2.31,2.22,VEH004,41.56,4.59,39.6,15809,12.21,15,36.0,62.5,Cloudy,345,8,LogiTrans,Raw material,84243.64,0.0008,0.0747,5.4979,0.0674,5.64,0.000357,,,0.0,0.0,,,5.9486
ORG001,Mumbai Plant,"Mumbai, IN",2024-05-01,10052.95,1042.15,0.863,114842.15,Diesel,0.0,2.68,0.0,,0.0,0.0,45.5,17661,20.3,5,30.2,61.4,Sunny,221,10,ElectroParts,Logistics,53802.8,0.0012,0.0,7.7763,0.0646,7.8409,0.000444,,,0.0,0.0,,,7.6322
ORG001,Bengaluru Lab,"Bengaluru, IN",2024-12-13,3207.45,399.73,0.834,31415.59,Diesel,0.0,2.68,0.0,,0.0,0.0,38.5,6789,15.89,15,18.6,51.0,Cloudy,234,12,ABC Plastics,Logistics,37969.29,0.0012,0.0,2.3416,0.0456,2.3872,0.000352,REC_0690,Policy,0.5818,28902.22,7.0,High,2.3533
ORG001,Hyderabad Warehouse,"Hyderabad, IN",2024-06-12,1589.2,1028.87,0.819,15795.7,Petrol,7.33,2.31,7.53,,0.0,0.0,90.9,141,13.97,45,27.8,67.6,Sunny,15,8,PackWise,Electronics,36997.45,0.0015,0.0169,0.4589,0.0555,0.5313,0.003768,REC_0691,Retrofit,0.0302,102012.38,23.0,Medium,0.5084
ORG001,Delhi Office,"Delhi, IN",2024-03-30,1670.99,364.87,0.784,14707.32,Petrol,5.08,2.31,1.79,VEH017,89.66,9.14,49.0,1153,14.13,100,24.1,61.4,Cloudy,41,8,ElectroParts,Services,17727.07,0.0004,0.0362,1.024,0.0071,1.0673,0.000926,,,0.0,0.0,,,1.1087
ORG001,Bengaluru Lab,"Bengaluru, IN",2024-05-15,2762.63,1322.01,0.843,26145.07,Petrol,0.6,2.31,2.95,VEH006,108.22,8.92,74.5,5490,5.59,25,32.6,76.1,Sunny,37,9,LogiTrans,Packaging,2319.81,0.0006,0.0253,1.2144,0.0014,1.2411,0.000226,,,0.0,0.0,,,1.2762
ORG001,Hyderabad Warehouse,"Hyderabad, IN",2024-07-04,2268.8,902.7,0.773,20861.64,Diesel,0.0,2.68,0.0,,0.0,0.0,60.7,1210,14.49,100,28.0,72.9,Humid,39,12,LogiTrans,Electronics,31985.32,0.0015,0.0,1.056,0.048,1.104,0.000912,,,0.0,0.0,,,1.1814
ORG001,Delhi Office,"Delhi, IN",2024-11-11,1862.58,170.91,0.811,15789.26,Petrol,17.54,2.31,2.62,,0.0,0.0,57.1,693,19.51,15,32.0,73.7,Sunny,55,10,PackWise,Packaging,11792.36,0.0006,0.0405,1.3719,0.0071,1.4195,0.002048,,,0.0,0.0,,,1.4025
ORG001,Mumbai Plant,"Mumbai, IN",2024-06-26,7460.64,962.76,0.838,66086.1,Petrol,0.0,2.31,0.0,VEH020,137.42,11.56,34.2,20125,6.41,75,25.1,41.4,Sunny,221,8,ABC Plastics,Packaging,11982.21,0.0006,0.031,5.4452,0.0072,5.4834,0.000272,,,0.0,0.0,,,5.7674
ORG001,Hyderabad Warehouse,"Hyderabad, IN",2024-01-28,1832.43,314.83,0.865,19167.34,Diesel,0.0,2.68,0.0,,0.0,0.0,48.7,901,3.72,60,22.4,79.4,Rainy,53,12,ABC Plastics,Packaging,36191.98,0.0006,0.0,1.3127,0.0217,1.3344,0.001481,REC_0697,Retrofit,0.2377,18261.94,17.0,Medium,1.5221
ORG001,Delhi Office,"Delhi, IN",2024-08-07,1979.76,285.35,0.868,19674.42,Diesel,0.0,2.68,0.0,,0.0,0.0,91.8,1015,12.12,100,23.4,56.4,Sunny,35,10,ABC Plastics,Services,58548.67,0.0004,0.0,1.4707,0.0234,1.4941,0.001472,,,0.0,0.0,,,1.6476
ORG001,Delhi Office,"Delhi, IN",2024-12-22,1140.58,82.97,0.816,12227.0,Natural Gas,1.77,2.06,1.72,,0.0,0.0,84.8,83,2.09,100,35.6,51.8,Sunny,39,12,PackWise,Packaging,29154.27,0.0006,0.0036,0.863,0.0175,0.8841,0.010652,REC_0699,Route optimization,0.0716,93887.1,4.0,Medium,1.0155
ORG001,Pune HQ,"Pune, IN",2024-02-10,2135.52,543.54,0.748,20299.12,Petrol,10.06,2.31,4.66,VEH009,145.86,17.76,41.4,755,2.64,25,40.1,66.2,Cloudy,23,8,ElectroParts,Logistics,41703.4,0.0012,0.0708,1.1908,0.05,1.3116,0.001737,REC_0700,Retrofit,0.4228,73556.38,9.0,Medium,1.3643
ORG001,Bengaluru Lab,"Bengaluru, IN",2024-08-15,5402.98,1667.36,0.862,58869.3,Diesel,12.03,2.68,3.39,,0.0,0.0,89.7,4527,18.94,75,28.6,84.4,Rainy,89,8,LogiTrans,Raw material,80865.47,0.0008,0.0322,3.2201,0.0647,3.317,0.000733,,,0.0,0.0,,,3.6556
ORG001,Pune HQ,"Pune, IN",2024-07-10,1435.98,250.47,0.895,14366.22,CNG,0.0,2.75,0.0,,0.0,0.0,74.4,572,5.49,45,29.8,53.0,Humid,48,9,ElectroParts,Logistics,56038.18,0.0012,0.0,1.061,0.0672,1.1282,0.001972,,,0.0,0.0,,,1.1113
ORG001,Hyderabad Warehouse,"Hyderabad, IN",2024-05-24,3129.33,405.26,0.874,27628.75,Diesel,0.0,2.68,0.0,,0.0,0.0,53.7,129,7.19,5,23.1,62.7,Rainy,33,12,LogiTrans,Packaging,18182.05,0.0006,0.0,2.3808,0.0109,2.3917,0.01854,REC_0703,Supplier change,0.4072,69724.7,19.0,High,2.7113
ORG001,Pune HQ,"Pune, IN",2024-07-19,1829.31,226.2,0.824,16478.84,Petrol,0.0,2.31,0.0,,0.0,0.0,54.9,509,15.98,75,42.6,66.4,Rainy,22,8,PackWise,Logistics,12626.33,0.0012,0.0,1.321,0.0152,1.3362,0.002625,REC_0704,Optimize HVAC,0.3266,18485.45,1.0,High,1.4476
ORG001,Hyderabad Warehouse,"Hyderabad, IN",2024-07-30,2656.81,616.26,0.838,25709.31,Petrol,20.48,2.31,0.99,,0.0,0.0,63.5,798,20.06,45,29.3,84.3,Rainy,18,9,ElectroParts,Raw material,40839.52,0.0008,0.0473,1.71,0.0327,1.79,0.002243,REC_0705,Optimize HVAC,0.1369,7830.99,11.0,Low,2.0482
ORG001,Mumbai Plant,"Mumbai, IN",2024-08-07,8744.63,3633.13,0.766,80527.13,Petrol,0.0,2.31,0.0,,0.0,0.0,57.2,14430,7.56,15,25.3,79.8,Sunny,126,9,LogiTrans,Services,31713.72,0.0004,0.0,3.9154,0.0127,3.9281,0.000272,,,0.0,0.0,,,4.1422
ORG001,Bengaluru Lab,"Bengaluru, IN",2024-08-27,2261.96,445.51,0.797,16330.51,LPG,0.0,1.51,0.0,,0.0,0.0,81.3,7933,1.79,5,28.4,34.4,Cloudy,88,10,PackWise,Packaging,12763.23,0.0006,0.0,1.4477,0.0077,1.4554,0.000183,,,0.0,0.0,,,1.4713
ORG001,Bengaluru Lab,"Bengaluru, IN",2024-02-15,2418.96,1114.48,0.837,24038.47,Diesel,0.0,2.68,0.0,VEH005,30.74,2.64,84.9,3558,12.2,5,24.3,84.5,Cloudy,67,9,ElectroParts,Raw material,60989.82,0.0008,0.0071,1.0919,0.0488,1.1478,0.000323,,,0.0,0.0,,,1.2633
ORG001,Pune HQ,"Pune, IN",2024-02-04,2260.34,459.09,0.943,18528.37,Natural Gas,0.0,2.06,0.0,,0.0,0.0,85.0,544,11.29,5,16.9,67.4,Sunny,26,9,PackWise,Services,25461.53,0.0004,0.0,1.6986,0.0102,1.7088,0.003141,,,0.0,0.0,,,1.6688
ORG001,Hyderabad Warehouse,"Hyderabad, IN",2024-09-09,1821.76,307.72,0.795,17696.29,LPG,0.0,1.51,0.0,,0.0,0.0,49.9,711,1.74,15,31.3,77.2,Cloudy,50,9,LogiTrans,Raw material,58403.63,0.0008,0.0,1.2037,0.0467,1.2504,0.001759,,,0.0,0.0,,,1.339
ORG001,Bengaluru Lab,"Bengaluru, IN",2024-03-22,3158.34,187.64,0.929,27246.29,CNG,70.86,2.75,0.55,,0.0,0.0,77.2,10390,5.13,45,26.5,73.1,Sunny,125,10,LogiTrans,Packaging,18900.01,0.0006,0.1949,2.7598,0.0113,2.966,0.000285,,,0.0,0.0,,,3.0014
ORG001,Delhi Office,"Delhi, IN",2024-09-12,829.64,173.52,0.792,6640.09,LPG,0.0,1.51,0.0,,0.0,0.0,82.4,320,2.76,45,29.4,61.2,Rainy,48,8,GreenSteel Co,Logistics,17711.77,0.0012,0.0,0.5196,0.0213,0.5409,0.00169,,,0.0,0.0,,,0.5498
ORG001,Hyderabad Warehouse,"Hyderabad, IN",2024-07-15,3313.94,511.93,0.748,29355.5,Natural Gas,12.27,2.06,0.31,,0.0,0.0,51.1,945,4.57,45,30.9,32.4,Sunny,21,8,LogiTrans,Electronics,15480.55,0.0015,0.0253,2.0959,0.0232,2.1444,0.002269,,,0.0,0.0,,,2.3382
ORG001,Bengaluru Lab,"Bengaluru, IN",2024-10-29,4470.4,444.35,0.811,44775.66,Diesel,53.35,2.68,0.42,,0.0,0.0,79.2,6799,17.34,75,20.9,32.1,Sunny,106,8,GreenSteel Co,Logistics,37417.58,0.0012,0.143,3.2651,0.0449,3.453,0.000508,,,0.0,0.0,,,3.8049
ORG001,Delhi Office,"Delhi, IN",2024-01-10,1471.56,131.28,0.85,14563.24,CNG,0.0,2.75,0.0,,0.0,0.0,49.6,518,18.02,45,32.9,33.7,Sunny,30,8,GreenSteel Co,Logistics,64754.92,0.0012,0.0,1.1392,0.0777,1.2169,0.002349,REC_0715,Optimize HVAC,0.3257,75363.07,4.0,High,1.2303
ORG001,Mumbai Plant,"Mumbai, IN",2024-11-07,7265.71,2441.51,0.71,65391.08,Petrol,40.26,2.31,0.27,,0.0,0.0,46.1,14248,6.58,5,23.6,72.5,Sunny,87,12,ABC Plastics,Packaging,6980.97,0.0006,0.093,3.4252,0.0042,3.5224,0.000247,,,0.0,0.0,,,3.4082
ORG001,Delhi Office,"Delhi, IN",2024-10-12,1857.3,112.59,0.776,17874.53,Diesel,42.64,2.68,0.0,VEH004,116.01,10.57,80.7,1072,8.66,75,22.1,45.2,Cloudy,17,8,ElectroParts,Services,715.24,0.0004,0.1426,1.3539,0.0003,1.4968,0.001396,,,0.0,0.0,,,1.5518
ORG001,Hyderabad Warehouse,"Hyderabad, IN",2024-08-29,3350.96,599.62,0.824,36034.33,CNG,0.0,2.75,0.0,,0.0,0.0,79.0,858,5.57,45,23.6,33.1,Sunny,47,9,ElectroParts,Raw material,86526.44,0.0008,0.0,2.2671,0.0692,2.3363,0.002723,,,0.0,0.0,,,2.6007
ORG001,Hyderabad Warehouse,"Hyderabad, IN",2024-09-07,2517.24,1153.86,0.795,23956.05,Petrol,0.0,2.31,0.0,VEH011,289.71,28.76,42.4,533,15.18,60,24.3,79.1,Rainy,65,10,ElectroParts,Logistics,46023.4,0.0012,0.0771,1.0839,0.0552,1.2162,0.002282,,,0.0,0.0,,,1.2024
ORG001,Bengaluru Lab,"Bengaluru, IN",2024-12-30,4221.68,523.44,0.831,35555.5,CNG,3.29,2.75,1.97,,0.0,0.0,51.0,6984,23.96,45,32.5,65.5,Sunny,64,9,ElectroParts,Electronics,2360.71,0.0015,0.009,3.0732,0.0035,3.0857,0.000442,,,0.0,0.0,,,3.2171
ORG001,Pune HQ,"Pune, IN",2024-01-05,2352.96,450.76,0.806,22838.64,Natural Gas,0.0,2.06,0.0,,0.0,0.0,84.9,802,5.21,45,26.9,50.7,Sunny,11,10,GreenSteel Co,Logistics,26512.52,0.0012,0.0,1.5332,0.0318,1.565,0.001951,REC_0721,Optimize HVAC,0.4882,9104.19,13.0,Low,1.6628
ORG001,Mumbai Plant,"Mumbai, IN",2024-04-28,8613.05,1656.61,0.879,72696.22,Petrol,86.08,2.31,0.45,,0.0,0.0,69.5,15637,3.84,25,29.6,76.0,Humid,154,8,GreenSteel Co,Services,44942.65,0.0004,0.1988,6.1147,0.018,6.3315,0.000405,,,0.0,0.0,,,7.0343
ORG001,Bengaluru Lab,"Bengaluru, IN",2024-10-15,3161.71,672.65,0.829,27634.03,Natural Gas,12.09,2.06,1.0,,0.0,0.0,42.4,4317,17.12,25,25.8,33.0,Cloudy,49,12,GreenSteel Co,Electronics,34321.45,0.0015,0.0249,2.0634,0.0515,2.1398,0.000496,,,0.0,0.0,,,2.3966
ORG001,Mumbai Plant,"Mumbai, IN",2024-03-05,7314.95,3364.97,0.83,64619.42,CNG,0.0,2.75,0.0,,0.0,0.0,50.7,13852,4.75,5,17.8,58.6,Rainy,109,8,ABC Plastics,Electronics,32251.79,0.0015,0.0,3.2785,0.0484,3.3269,0.00024,,,0.0,0.0,,,3.6186
ORG001,Delhi Office,"Delhi, IN",2024-05-25,1534.53,332.9,0.781,13857.69,Petrol,6.91,2.31,4.32,,0.0,0.0,73.3,1092,8.77,60,24.4,30.7,Sunny,29,8,LogiTrans,Logistics,14581.43,0.0012,0.016,0.9385,0.0175,0.972,0.00089,,,0.0,0.0,,,0.9295
ORG001,Pune HQ,"Pune, IN",2024-08-11,2211.28,172.28,0.928,24357.79,Petrol,0.0,2.31,0.0,,0.0,0.0,61.9,1417,14.92,5,28.8,27.3,Cloudy,36,8,PackWise,Services,47768.72,0.0004,0.0,1.8922,0.0191,1.9113,0.001349,,,0.0,0.0,,,2.129
ORG001,Bengaluru Lab,"Bengaluru, IN",2024-08-26,3688.94,435.91,0.822,39872.03,Petrol,0.0,2.31,0.0,,0.0,0.0,45.6,4731,21.61,5,25.9,69.9,Sunny,81,9,LogiTrans,Electronics,45976.85,0.0015,0.0,2.674,0.069,2.743,0.00058,REC_0727,Retrofit,0.637,44715.0,1.0,Low,2.7014
ORG001,Mumbai Plant,"Mumbai, IN",2024-06-25,6730.28,4084.09,0.828,54619.12,Natural Gas,61.47,2.06,0.04,,0.0,0.0,72.2,11225,14.48,15,30.0,30.9,Humid,95,10,GreenSteel Co,Services,4805.36,0.0004,0.1266,2.191,0.0019,2.3195,0.000207,REC_0728,Policy,0.7592,57285.39,6.0,High,2.4464
ORG001,Hyderabad Warehouse,"Hyderabad, IN",2024-09-23,3399.24,644.21,0.774,32080.35,Diesel,0.0,2.68,0.0,,0.0,0.0,71.2,981,20.83,60,25.4,62.7,Humid,37,10,GreenSteel Co,Packaging,5890.03,0.0006,0.0,2.1324,0.0035,2.1359,0.002177,REC_0729,Policy,0.2213,29084.23,2.0,High,2.315
ORG001,Pune HQ,"Pune, IN",2024-12-06,2231.89,436.96,0.831,18001.17,Petrol,35.62,2.31,1.34,VEH016,84.06,9.83,40.4,372,8.64,75,31.9,67.5,Sunny,31,8,GreenSteel Co,Packaging,60680.91,0.0006,0.1086,1.4916,0.0364,1.6366,0.004399,REC_0730,Optimize HVAC,0.3173,42541.6,12.0,High,1.7641
ORG001,Hyderabad Warehouse,"Hyderabad, IN",2024-10-08,1342.48,37.85,0.779,10395.92,Diesel,0.0,2.68,0.0,,0.0,0.0,88.2,1162,1.29,60,25.7,31.5,Cloudy,76,10,ElectroParts,Electronics,6143.96,0.0015,0.0,1.0163,0.0092,1.0255,0.000883,,,0.0,0.0,,,1.1516
ORG001,Bengaluru Lab,"Bengaluru, IN",2024-03-03,4037.73,498.13,0.849,34383.26,CNG,11.9,2.75,2.28,,0.0,0.0,94.0,11278,6.93,100,25.8,83.5,Rainy,180,12,PackWise,Packaging,30349.61,0.0006,0.0327,3.0051,0.0182,3.056,0.000271,,,0.0,0.0,,,3.1841
ORG001,Hyderabad Warehouse,"Hyderabad, IN",2024-08-04,1819.6,1041.87,0.816,16572.99,Natural Gas,0.0,2.06,0.0,VEH013,115.02,11.09,67.5,795,8.43,25,30.7,28.8,Sunny,14,10,ElectroParts,Services,31541.95,0.0004,0.0297,0.6346,0.0126,0.6769,0.000851,REC_0733,Optimize HVAC,0.2325,44027.46,1.0,High,0.7765
ORG001,Delhi Office,"Delhi, IN",2024-12-07,1718.72,50.56,0.781,16868.47,Natural Gas,21.08,2.06,0.52,,0.0,0.0,46.4,824,20.89,45,33.3,50.1,Rainy,39,8,PackWise,Logistics,22881.52,0.0012,0.0434,1.3028,0.0275,1.3737,0.001667,REC_0734,Policy,0.4507,45450.8,6.0,Medium,1.4231
ORG001,Bengaluru Lab,"Bengaluru, IN",2024-11-10,4960.71,280.61,0.794,53612.12,Petrol,60.81,2.31,1.04,,0.0,0.0,77.2,9544,11.43,100,30.5,43.6,Cloudy,187,8,GreenSteel Co,Services,30144.32,0.0004,0.1405,3.716,0.0121,3.8686,0.000405,,,0.0,0.0,,,4.2022
ORG001,Delhi Office,"Delhi, IN",2024-10-09,1458.28,258.55,0.829,16111.09,Diesel,22.76,2.68,3.15,,0.0,0.0,81.5,690,6.69,100,29.2,28.5,Cloudy,41,8,GreenSteel Co,Packaging,8078.35,0.0006,0.061,0.9946,0.0048,1.0604,0.001537,,,0.0,0.0,,,1.0664
ORG001,Hyderabad Warehouse,"Hyderabad, IN",2024-06-25,3017.89,817.72,0.776,21889.55,Diesel,41.84,2.68,2.84,,0.0,0.0,52.2,376,18.35,5,34.2,82.7,Sunny,15,8,ABC Plastics,Electronics,34590.24,0.0015,0.1121,1.7073,0.0519,1.8713,0.004977,,,0.0,0.0,,,1.9755
ORG001,Pune HQ,"Pune, IN",2024-04-07,2967.59,264.82,0.834,29628.28,Petrol,42.51,2.31,0.08,VEH012,127.86,14.67,44.0,732,16.69,45,34.7,35.7,Sunny,55,9,ElectroParts,Raw material,72120.43,0.0008,0.1375,2.2541,0.0577,2.4493,0.003346,REC_0738,Retrofit,0.4451,27130.12,14.0,Medium,2.5433
ORG001,Hyderabad Warehouse,"Hyderabad, IN",2024-04-14,2600.16,374.01,0.792,23212.66,Diesel,0.0,2.68,0.0,,0.0,0.0,89.8,342,11.88,25,23.8,75.8,Sunny,51,8,ElectroParts,Raw material,52600.84,0.0008,0.0,1.7631,0.0421,1.8052,0.005278,,,0.0,0.0,,,1.9549
ORG001,Pune HQ,"Pune, IN",2024-04-08,2371.5,364.68,0.878,25542.72,CNG,17.8,2.75,1.99,,0.0,0.0,92.8,634,10.91,100,22.1,27.4,Rainy,34,12,LogiTrans,Raw material,60662.84,0.0008,0.049,1.762,0.0485,1.8595,0.002933,,,0.0,0.0,,,2.0964
ORG001,Pune HQ,"Pune, IN",2024-11-06,1862.86,135.61,0.894,14970.56,Petrol,0.0,2.31,0.0,,0.0,0.0,56.9,0,8.35,75,25.8,61.3,Sunny,19,10,GreenSteel Co,Packaging,26780.2,0.0006,0.0,1.5442,0.0161,1.5603,0.0,REC_0741,Route optimization,0.4445,50168.88,1.0,Low,1.6253
ORG001,Bengaluru Lab,"Bengaluru, IN",2024-01-06,3057.58,353.12,0.835,27168.93,LPG,0.0,1.51,0.0,VEH015,243.69,24.2,64.4,3228,19.13,15,27.5,75.8,Cloudy,44,10,ElectroParts,Logistics,52153.23,0.0012,0.0649,2.2582,0.0626,2.3857,0.000739,,,0.0,0.0,,,2.3435
ORG001,Pune HQ,"Pune, IN",2024-07-15,1661.48,219.68,0.797,18677.87,LPG,10.03,1.51,2.86,VEH014,34.57,3.77,76.8,0,14.51,5,18.1,60.2,Cloudy,39,8,ABC Plastics,Logistics,67420.0,0.0012,0.0252,1.1491,0.0809,1.2552,0.0,REC_0743,Supplier change,0.1772,36352.84,9.0,High,1.4111
ORG001,Bengaluru Lab,"Bengaluru, IN",2024-12-16,3834.9,361.83,0.774,35616.12,Diesel,45.01,2.68,0.35,,0.0,0.0,89.9,4390,23.97,15,27.5,49.8,Humid,47,8,PackWise,Packaging,19318.54,0.0006,0.1206,2.6882,0.0116,2.8204,0.000642,,,0.0,0.0,,,2.8967
ORG001,Delhi Office,"Delhi, IN",2024-05-12,1420.53,60.67,0.836,14566.83,LPG,0.0,1.51,0.0,,0.0,0.0,93.3,724,21.56,45,29.5,60.1,Rainy,8,10,ABC Plastics,Electronics,6361.18,0.0015,0.0,1.1368,0.0095,1.1463,0.001583,,,0.0,0.0,,,1.1077
ORG001,Bengaluru Lab,"Bengaluru, IN",2024-12-23,3266.19,178.52,0.8,29618.57,Diesel,0.0,2.68,0.0,,0.0,0.0,38.1,3335,0.25,60,16.6,34.5,Humid,24,10,ABC Plastics,Electronics,17498.84,0.0015,0.0,2.4701,0.0262,2.4963,0.000749,REC_0746,Route optimization,0.7055,135982.2,6.0,Medium,2.8511
ORG001,Pune HQ,"Pune, IN",2024-09-15,1141.83,348.53,0.841,8857.78,Diesel,4.51,2.68,4.88,,0.0,0.0,63.9,792,16.93,45,19.5,45.4,Sunny,31,9,ElectroParts,Packaging,51991.17,0.0006,0.0121,0.6672,0.0312,0.7105,0.000897,,,0.0,0.0,,,0.7277
ORG001,Hyderabad Warehouse,"Hyderabad, IN",2024-01-23,1991.21,340.23,0.782,16844.98,Diesel,0.0,2.68,0.0,VEH008,244.05,30.87,48.9,592,9.39,60,29.1,82.2,Cloudy,20,8,PackWise,Raw material,62368.42,0.0008,0.0827,1.2911,0.0499,1.4237,0.002405,,,0.0,0.0,,,1.6214
ORG001,Pune HQ,"Pune, IN",2024-02-22,1691.95,265.94,0.781,11802.72,Petrol,15.17,2.31,0.52,,0.0,0.0,72.9,1153,1.07,60,33.0,79.7,Rainy,40,9,LogiTrans,Logistics,23615.8,0.0012,0.035,1.1137,0.0283,1.177,0.001021,,,0.0,0.0,,,1.2485
ORG001,Pune HQ,"Pune, IN",2024-06-13,2620.48,540.43,0.796,23248.55,Diesel,0.0,2.68,0.0,,0.0,0.0,68.2,1317,3.87,75,36.0,39.3,Rainy,25,12,ABC Plastics,Packaging,19795.67,0.0006,0.0,1.6557,0.0119,1.6676,0.001266,,,0.0,0.0,,,1.7894
ORG001,Hyderabad Warehouse,"Hyderabad, IN",2024-07-20,3250.87,326.23,0.736,33330.44,LPG,40.77,1.51,3.87,,0.0,0.0,82.9,1457,20.83,25,27.5,31.9,Humid,24,8,ABC Plastics,Packaging,29529.76,0.0006,0.0616,2.1525,0.0177,2.2318,0.001532,,,0.0,0.0,,,2.2112
ORG001,Hyderabad Warehouse,"Hyderabad, IN",2024-03-23,2089.01,305.9,0.832,17940.67,Diesel,0.0,2.68,0.0,,0.0,0.0,59.8,1299,5.55,5,32.2,55.8,Windy,66,10,GreenSteel Co,Logistics,16972.32,0.0012,0.0,1.4835,0.0204,1.5039,0.001158,REC_0752,Retrofit,0.1633,781.11,20.0,Medium,1.6137
ORG001,Bengaluru Lab,"Bengaluru, IN",2024-05-24,5152.1,1194.25,0.862,47997.13,Natural Gas,9.29,2.06,2.22,VEH002,42.15,3.4,48.4,2383,14.2,100,26.9,41.9,Rainy,74,8,LogiTrans,Electronics,18382.92,0.0015,0.0282,3.4117,0.0276,3.4675,0.001455,,,0.0,0.0,,,3.4837
ORG001,Mumbai Plant,"Mumbai, IN",2024-03-25,7702.64,315.89,0.841,80396.39,LPG,0.0,1.51,0.0,VEH005,211.53,20.79,32.6,18026,22.08,5,24.7,46.8,Rainy,136,10,PackWise,Electronics,2449.6,0.0015,0.0557,6.2123,0.0037,6.2717,0.000348,,,0.0,0.0,,,6.5327
ORG001,Pune HQ,"Pune, IN",2024-03-18,1895.28,344.64,0.852,16645.16,LPG,0.0,1.51,0.0,VEH020,168.86,16.95,43.2,789,6.87,15,18.6,43.1,Sunny,26,8,ABC Plastics,Raw material,56744.5,0.0008,0.0454,1.3211,0.0454,1.4119,0.001789,,,0.0,0.0,,,1.5647
ORG001,Hyderabad Warehouse,"Hyderabad, IN",2024-12-31,3081.33,282.32,0.789,27144.69,LPG,12.03,1.51,1.12,,0.0,0.0,67.3,1233,19.7,60,35.1,55.0,Sunny,21,8,ABC Plastics,Packaging,10782.77,0.0006,0.0182,2.2084,0.0065,2.2331,0.001811,,,0.0,0.0,,,2.4453
ORG001,Mumbai Plant,"Mumbai, IN",2024-01-01,7863.12,2384.03,0.856,66697.53,CNG,63.6,2.75,7.54,,0.0,0.0,48.5,12301,10.08,45,25.8,48.1,Rainy,348,9,GreenSteel Co,Logistics,43403.19,0.0012,0.1749,4.6901,0.0521,4.9171,0.0004,REC_0757,Supplier change,0.7435,99219.37,1.0,Medium,5.4201
ORG001,Hyderabad Warehouse,"Hyderabad, IN",2024-02-20,2463.63,779.5,0.884,20179.12,Petrol,0.0,2.31,0.0,,0.0,0.0,70.9,765,19.2,25,20.8,77.2,Rainy,47,8,ElectroParts,Services,44873.51,0.0004,0.0,1.4888,0.0179,1.5067,0.00197,,,0.0,0.0,,,1.55
ORG001,Mumbai Plant,"Mumbai, IN",2024-06-21,6731.11,1298.74,0.861,56013.73,Diesel,42.86,2.68,1.94,,0.0,0.0,49.2,12644,14.09,60,32.5,52.4,Sunny,206,8,ElectroParts,Electronics,244.09,0.0015,0.1149,4.6773,0.0004,4.7926,0.000379,REC_0759,Retrofit,1.1798,33493.8,6.0,Medium,5.4551
ORG001,Mumbai Plant,"Mumbai, IN",2024-07-23,9092.68,1442.88,0.82,86625.96,Natural Gas,56.08,2.06,0.74,,0.0,0.0,72.6,15367,6.72,100,21.2,46.0,Sunny,138,10,ABC Plastics,Packaging,63222.14,0.0006,0.1155,6.2728,0.0379,6.4262,0.000418,,,0.0,0.0,,,7.2268
ORG001,Hyderabad Warehouse,"Hyderabad, IN",2024-09-16,1890.82,842.34,0.886,18955.68,Petrol,64.06,2.31,0.05,VEH008,1.57,0.17,94.0,1608,6.69,5,31.2,81.9,Humid,13,9,LogiTrans,Raw material,92677.86,0.0008,0.1485,0.929,0.0741,1.1516,0.000716,REC_0761,Route optimization,0.2098,69475.79,7.0,Medium,1.1195
ORG001,Bengaluru Lab,"Bengaluru, IN",2024-10-14,2072.72,306.66,0.822,15908.37,Diesel,0.0,2.68,0.0,,0.0,0.0,77.2,10027,23.92,100,39.1,71.8,Cloudy,68,9,ABC Plastics,Logistics,25929.77,0.0012,0.0,1.4517,0.0311,1.4828,0.000148,,,0.0,0.0,,,1.6122
ORG001,Delhi Office,"Delhi, IN",2024-02-03,887.27,23.04,0.759,9348.59,Diesel,0.0,2.68,0.0,VEH014,299.52,29.63,51.3,645,20.58,75,29.0,64.0,Cloudy,15,8,ElectroParts,Electronics,2660.78,0.0015,0.0794,0.656,0.004,0.7394,0.001146,,,0.0,0.0,,,0.72
ORG001,Pune HQ,"Pune, IN",2024-12-13,2197.86,83.2,0.889,18571.4,Natural Gas,0.55,2.06,0.53,,0.0,0.0,39.9,292,8.8,45,30.0,55.9,Rainy,38,10,ABC Plastics,Raw material,49110.97,0.0008,0.0011,1.8799,0.0393,1.9203,0.006576,,,0.0,0.0,,,1.8823
ORG001,Delhi Office,"Delhi, IN",2024-04-04,1834.73,533.4,0.792,19383.7,Diesel,0.0,2.68,0.0,,0.0,0.0,49.7,313,20.54,15,23.1,66.5,Humid,40,10,PackWise,Services,42741.11,0.0004,0.0,1.0307,0.0171,1.0478,0.003348,,,0.0,0.0,,,1.1604
ORG001,Mumbai Plant,"Mumbai, IN",2024-03-12,3828.57,1447.99,0.793,34821.71,Petrol,25.03,2.31,1.74,,0.0,0.0,68.2,11928,5.24,25,28.5,55.1,Rainy,119,8,ElectroParts,Raw material,45894.44,0.0008,0.0578,1.8878,0.0367,1.9823,0.000166,,,0.0,0.0,,,1.9208
ORG001,Bengaluru Lab,"Bengaluru, IN",2024-02-08,3302.63,211.63,0.832,38541.13,Petrol,0.0,2.31,0.0,VEH017,267.77,23.4,63.6,7539,23.94,15,24.7,71.7,Sunny,131,9,ElectroParts,Logistics,5907.42,0.0012,0.0627,2.5717,0.0071,2.6415,0.00035,,,0.0,0.0,,,2.6833
ORG001,Delhi Office,"Delhi, IN",2024-06-02,1672.62,811.44,0.837,11764.48,Diesel,0.0,2.68,0.0,,0.0,0.0,75.5,1258,12.17,60,35.1,57.7,Sunny,36,8,GreenSteel Co,Packaging,14971.79,0.0006,0.0,0.7208,0.009,0.7298,0.00058,,,0.0,0.0,,,0.7391
ORG001,Hyderabad Warehouse,"Hyderabad, IN",2024-09-06,2227.62,965.17,0.806,19865.28,Diesel,39.34,2.68,6.18,,0.0,0.0,90.2,264,18.82,15,32.5,39.5,Sunny,23,8,PackWise,Raw material,62149.95,0.0008,0.1054,1.0175,0.0497,1.1726,0.004442,,,0.0,0.0,,,1.1808
ORG001,Delhi Office,"Delhi, IN",2024-06-10,1402.61,336.36,0.88,13592.65,Diesel,11.02,2.68,0.32,VEH020,132.99,12.14,88.0,1645,0.77,75,20.7,79.4,Sunny,36,9,LogiTrans,Logistics,56787.11,0.0012,0.062,0.9383,0.0681,1.0684,0.000649,REC_0770,Retrofit,0.1808,150671.67,24.0,High,1.1722
ORG001,Pune HQ,"Pune, IN",2024-04-27,1426.47,497.74,0.836,15170.3,Petrol,0.0,2.31,0.0,VEH019,91.2,8.59,56.9,1496,0.72,45,30.8,73.4,Sunny,51,9,PackWise,Logistics,7253.43,0.0012,0.023,0.7764,0.0087,0.8081,0.00054,,,0.0,0.0,,,0.7978
ORG001,Pune HQ,"Pune, IN",2024-09-15,1754.52,359.35,0.89,14221.84,Natural Gas,0.0,2.06,0.0,,0.0,0.0,71.2,629,8.27,15,19.5,66.7,Rainy,28,12,ABC Plastics,Services,2968.15,0.0004,0.0,1.2417,0.0012,1.2429,0.001976,,,0.0,0.0,,,1.4149
ORG001,Delhi Office,"Delhi, IN",2024-11-01,1331.41,319.33,0.77,13928.95,Petrol,0.0,2.31,0.0,,0.0,0.0,93.7,1034,23.86,45,28.4,80.5,Windy,23,8,LogiTrans,Raw material,54164.74,0.0008,0.0,0.7793,0.0433,0.8226,0.000796,REC_0773,Policy,0.1159,57735.01,17.0,Low,0.8387
ORG001,Pune HQ,"Pune, IN",2024-09-24,1443.42,682.06,0.811,13000.11,Diesel,19.63,2.68,2.18,,0.0,0.0,73.3,285,1.59,5,17.1,59.8,Sunny,17,8,ElectroParts,Services,28602.64,0.0004,0.0526,0.6175,0.0114,0.6815,0.002391,,,0.0,0.0,,,0.6916
ORG001,Bengaluru Lab,"Bengaluru, IN",2024-02-23,2241.32,272.85,0.862,19115.72,CNG,0.0,2.75,0.0,VEH017,54.56,5.8,35.5,7732,19.69,75,28.6,72.2,Sunny,203,8,ElectroParts,Services,29532.33,0.0004,0.0155,1.6968,0.0118,1.7241,0.000223,,,0.0,0.0,,,1.7165
ORG001,Hyderabad Warehouse,"Hyderabad, IN",2024-08-23,3254.36,369.4,0.855,28507.43,Petrol,0.0,2.31,0.0,,0.0,0.0,83.3,1138,21.69,75,30.9,29.3,Sunny,25,10,ABC Plastics,Electronics,11235.38,0.0015,0.0,2.4666,0.0169,2.4835,0.002182,REC_0776,Route optimization,0.147,76114.13,15.0,High,2.466
ORG001,Hyderabad Warehouse,"Hyderabad, IN",2024-08-09,2235.2,713.44,0.913,20959.78,Petrol,0.0,2.31,0.0,VEH016,166.36,16.3,44.6,1472,6.95,100,25.0,40.1,Rainy,31,8,ABC Plastics,Electronics,27920.1,0.0015,0.0437,1.3894,0.0419,1.475,0.001002,REC_0777,Supplier change,0.1291,13739.69,6.0,High,1.6265
ORG001,Pune HQ,"Pune, IN",2024-09-07,2347.95,852.14,0.863,19284.47,Diesel,12.48,2.68,3.09,,0.0,0.0,30.3,1157,2.89,100,19.2,44.4,Cloudy,11,10,LogiTrans,Packaging,7300.8,0.0006,0.0334,1.2909,0.0044,1.3287,0.001148,,,0.0,0.0,,,1.4746
ORG001,Delhi Office,"Delhi, IN",2024-11-08,1343.78,40.54,0.721,13687.1,Natural Gas,23.74,2.06,0.13,,0.0,0.0,39.2,341,16.17,25,32.3,63.5,Humid,19,9,ABC Plastics,Packaging,26803.04,0.0006,0.0489,0.9396,0.0161,1.0046,0.002946,,,0.0,0.0,,,1.1129
ORG001,Hyderabad Warehouse,"Hyderabad, IN",2024-04-21,2330.98,205.0,0.76,20931.75,Petrol,23.38,2.31,0.62,VEH003,106.5,7.15,52.6,934,21.03,60,26.0,34.2,Sunny,26,8,LogiTrans,Logistics,14407.9,0.0012,0.0732,1.6157,0.0173,1.7062,0.001827,,,0.0,0.0,,,1.777
ORG001,Delhi Office,"Delhi, IN",2024-09-11,1382.26,300.8,0.815,15524.19,Natural Gas,4.66,2.06,0.01,,0.0,0.0,61.5,463,17.83,100,34.3,78.7,Humid,37,10,ABC Plastics,Services,29182.82,0.0004,0.0096,0.8814,0.0117,0.9027,0.00195,,,0.0,0.0,,,0.9184
ORG001,Bengaluru Lab,"Bengaluru, IN",2024-10-29,3841.12,535.91,0.843,41022.41,Petrol,0.0,2.31,0.0,VEH011,120.99,11.52,69.5,5793,18.75,5,34.2,46.6,Sunny,58,9,GreenSteel Co,Raw material,30697.87,0.0008,0.0309,2.7863,0.0246,2.8418,0.000491,,,0.0,0.0,,,2.8004
ORG001,Hyderabad Warehouse,"Hyderabad, IN",2024-07-25,3130.51,229.12,0.833,34603.28,Diesel,0.0,2.68,0.0,,0.0,0.0,84.0,1041,7.51,75,27.3,67.6,Cloudy,42,8,LogiTrans,Services,38552.97,0.0004,0.0,2.4169,0.0154,2.4323,0.002337,REC_0783,Policy,0.4837,72304.46,20.0,High,2.5413
ORG001,Mumbai Plant,"Mumbai, IN",2024-08-16,6597.87,1865.59,0.75,73064.33,Natural Gas,28.85,2.06,2.03,,0.0,0.0,90.7,18044,17.54,45,22.3,59.6,Humid,340,8,LogiTrans,Logistics,36804.1,0.0012,0.0594,3.5492,0.0442,3.6528,0.000202,,,0.0,0.0,,,3.7434
ORG001,Mumbai Plant,"Mumbai, IN",2024-12-06,9643.23,3268.76,0.848,88947.98,Diesel,34.65,2.68,3.23,,0.0,0.0,75.4,15267,4.19,45,28.0,47.2,Humid,231,10,PackWise,Electronics,26010.16,0.0015,0.0929,5.4056,0.039,5.5375,0.000363,,,0.0,0.0,,,5.7261
ORG001,Bengaluru Lab,"Bengaluru, IN",2024-03-06,2654.64,1118.98,0.83,24998.57,CNG,13.16,2.75,6.86,VEH006,110.18,9.7,34.8,4973,0.53,5,31.1,34.3,Sunny,56,9,GreenSteel Co,Raw material,67006.99,0.0008,0.062200000000000005,1.2746,0.0536,1.3904,0.00028,REC_0786,Retrofit,0.3796,20445.7,16.0,Medium,1.5717
ORG001,Mumbai Plant,"Mumbai, IN",2024-03-15,8225.7,3843.96,0.769,80463.67,CNG,51.73,2.75,0.37,,0.0,0.0,68.1,18664,14.42,100,32.9,40.4,Cloudy,135,10,PackWise,Raw material,105137.53,0.0008,0.1423,3.3696,0.0841,3.596,0.000193,,,0.0,0.0,,,3.4242
ORG001,Bengaluru Lab,"Bengaluru, IN",2024-04-12,3891.59,430.75,0.831,36811.64,Diesel,7.82,2.68,2.52,VEH010,132.9,13.57,90.4,5571,16.4,25,17.3,62.3,Sunny,165,8,GreenSteel Co,Raw material,64280.32,0.0008,0.05740000000000001,2.876,0.0514,2.9848,0.000536,REC_0788,Supplier change,0.8865,103615.54,14.0,High,2.895
ORG001,Mumbai Plant,"Mumbai, IN",2024-07-10,10465.84,1745.14,0.821,101590.87,Petrol,56.16,2.31,0.89,VEH007,180.66,24.52,53.7,9341,6.88,25,39.2,35.9,Cloudy,129,10,ABC Plastics,Packaging,30446.8,0.0006,0.19540000000000002,7.1597,0.0183,7.3734,0.000789,REC_0789,Supplier change,1.3865,65382.67,11.0,High,7.7602
ORG001,Hyderabad Warehouse,"Hyderabad, IN",2024-09-08,1842.09,350.03,0.828,20098.26,CNG,0.0,2.75,0.0,,0.0,0.0,35.1,157,18.47,60,27.5,68.6,Humid,31,8,LogiTrans,Services,64415.59,0.0004,0.0,1.2354,0.0258,1.2612,0.008033,,,0.0,0.0,,,1.4157
ORG001,Pune HQ,"Pune, IN",2024-08-13,2118.09,746.62,0.875,21645.46,Diesel,0.0,2.68,0.0,VEH013,173.98,18.11,89.2,1487,20.5,5,31.8,67.0,Windy,61,8,ElectroParts,Electronics,56350.72,0.0015,0.0485,1.2,0.0845,1.333,0.000896,,,0.0,0.0,,,1.5043
ORG001,Pune HQ,"Pune, IN",2024-10-20,1816.94,240.95,0.808,19512.05,Diesel,0.0,2.68,0.0,,0.0,0.0,60.9,163,2.47,5,19.3,56.1,Sunny,49,8,LogiTrans,Raw material,973.34,0.0008,0.0,1.2734,0.0008,1.2742,0.007817,,,0.0,0.0,,,1.2681
ORG001,Pune HQ,"Pune, IN",2024-11-01,1850.85,858.04,0.854,18919.14,Diesel,5.24,2.68,0.13,,0.0,0.0,54.7,566,21.23,25,40.6,77.6,Cloudy,52,12,GreenSteel Co,Packaging,6186.7,0.0006,0.014,0.8479,0.0037,0.8656,0.001529,REC_0793,Retrofit,0.1588,119161.89,24.0,Low,0.8719
ORG001,Bengaluru Lab,"Bengaluru, IN",2024-04-07,3980.28,602.45,0.866,38787.11,Diesel,2.49,2.68,1.0,,0.0,0.0,49.5,13156,15.09,25,39.6,29.0,Sunny,72,10,LogiTrans,Raw material,27271.25,0.0008,0.0067,2.9252,0.0218,2.9537,0.000225,,,0.0,0.0,,,3.3319
ORG001,Hyderabad Warehouse,"Hyderabad, IN",2024-12-03,2490.5,439.58,0.895,19808.02,Natural Gas,33.83,2.06,2.13,,0.0,0.0,94.6,1650,17.02,60,28.9,31.5,Sunny,73,9,LogiTrans,Packaging,11998.61,0.0006,0.0697,1.8356,0.0072,1.9125,0.001159,,,0.0,0.0,,,1.8913
ORG001,Pune HQ,"Pune, IN",2024-10-12,1932.03,262.67,0.793,16780.93,Natural Gas,0.0,2.06,0.0,VEH004,107.5,9.15,43.9,1070,6.55,45,17.8,84.2,Humid,34,10,LogiTrans,Electronics,23964.11,0.0015,0.0245,1.3238,0.0359,1.3842,0.001294,,,0.0,0.0,,,1.472
ORG001,Hyderabad Warehouse,"Hyderabad, IN",2024-11-30,3492.02,190.51,0.74,36149.9,CNG,18.1,2.75,1.03,,0.0,0.0,63.7,645,14.84,5,37.4,59.1,Cloudy,50,8,PackWise,Electronics,71743.65,0.0015,0.0498,2.4431,0.1076,2.6005,0.004032,,,0.0,0.0,,,2.5042
ORG001,Bengaluru Lab,"Bengaluru, IN",2024-12-12,3763.01,633.98,0.768,31436.78,Petrol,35.74,2.31,1.96,,0.0,0.0,58.0,5981,0.48,75,27.8,53.5,Rainy,95,9,PackWise,Packaging,12540.52,0.0006,0.0826,2.4031,0.0075,2.4932,0.000417,,,0.0,0.0,,,2.7728
ORG001,Pune HQ,"Pune, IN",2024-11-03,1928.64,869.62,0.803,22453.92,LPG,48.89,1.51,1.97,,0.0,0.0,92.2,687,2.54,100,28.3,57.5,Sunny,62,10,GreenSteel Co,Electronics,25002.07,0.0015,0.0738,0.8504,0.0375,0.9617,0.0014,,,0.0,0.0,,,0.9378
ORG001,Bengaluru Lab,"Bengaluru, IN",2024-09-05,4559.91,232.55,0.83,45494.19,LPG,9.58,1.51,2.22,VEH016,226.7,23.22,89.8,8855,16.97,25,28.3,38.9,Sunny,101,8,LogiTrans,Services,49794.1,0.0004,0.0767,3.5917,0.0199,3.6883,0.000417,,,0.0,0.0,,,4.0569
ORG001,Bengaluru Lab,"Bengaluru, IN",2024-06-14,1101.2,175.54,0.817,8242.4,Diesel,44.38,2.68,0.1,,0.0,0.0,33.7,3497,4.78,5,36.5,62.5,Humid,145,8,LogiTrans,Raw material,135303.49,0.0008,0.1189,0.7563,0.1082,0.9834,0.000281,REC_0801,Policy,0.138,72173.73,11.0,Low,1.1238
ORG001,Pune HQ,"Pune, IN",2024-11-30,2111.19,58.33,0.836,20254.79,Petrol,0.0,2.31,0.0,,0.0,0.0,57.8,655,7.64,100,25.5,63.7,Sunny,47,8,PackWise,Raw material,9695.13,0.0008,0.0,1.7162,0.0078,1.724,0.002632,REC_0802,Route optimization,0.5114,101786.0,2.0,Medium,1.7675
ORG001,Hyderabad Warehouse,"Hyderabad, IN",2024-01-30,3953.58,661.67,0.872,39943.76,Diesel,0.0,2.68,0.0,,0.0,0.0,64.5,371,5.26,5,35.2,29.0,Sunny,41,9,PackWise,Services,95861.34,0.0004,0.0,2.8705,0.0383,2.9088,0.00784,,,0.0,0.0,,,2.7804
ORG001,Hyderabad Warehouse,"Hyderabad, IN",2024-09-03,2096.92,819.92,0.802,22006.15,Diesel,19.87,2.68,2.23,VEH006,225.02,26.47,59.6,1326,13.39,5,31.8,68.3,Sunny,20,10,ElectroParts,Packaging,213.97,0.0006,0.1242,1.0242,0.0001,1.1485,0.000866,,,0.0,0.0,,,1.1948
ORG001,Bengaluru Lab,"Bengaluru, IN",2024-04-15,1822.7,47.92,0.796,20598.05,Natural Gas,12.28,2.06,0.98,,0.0,0.0,68.7,9658,13.91,5,22.6,48.0,Sunny,107,9,LogiTrans,Raw material,99272.58,0.0008,0.0253,1.4127,0.0794,1.5174,0.000157,REC_0805,Supplier change,0.4228,51745.61,8.0,High,1.6746
ORG001,Hyderabad Warehouse,"Hyderabad, IN",2024-02-20,2383.48,370.52,0.938,22720.29,Diesel,17.05,2.68,4.0,,0.0,0.0,77.4,397,5.68,60,34.7,74.3,Sunny,33,8,ABC Plastics,Packaging,19175.46,0.0006,0.0457,1.8882,0.0115,1.9454,0.0049,REC_0806,Supplier change,0.5262,64388.65,1.0,Medium,1.9627
ORG001,Pune HQ,"Pune, IN",2024-03-21,1384.23,85.25,0.833,10625.39,Petrol,0.0,2.31,0.0,,0.0,0.0,54.0,987,13.61,75,23.5,50.4,Sunny,55,10,LogiTrans,Packaging,2645.14,0.0006,0.0,1.082,0.0016,1.0836,0.001098,,,0.0,0.0,,,1.1254
ORG001,Delhi Office,"Delhi, IN",2024-05-12,1026.2,148.97,0.817,10812.5,Diesel,7.64,2.68,2.58,,0.0,0.0,66.2,630,23.74,15,31.0,48.3,Cloudy,34,12,PackWise,Services,47827.3,0.0004,0.0205,0.7167,0.0191,0.7563,0.0012,REC_0808,Optimize HVAC,0.0517,97948.54,5.0,Medium,0.797
ORG001,Delhi Office,"Delhi, IN",2024-10-11,1345.48,61.34,1.027,11453.11,Diesel,16.44,2.68,1.14,,0.0,0.0,76.5,1304,18.29,5,27.7,71.9,Sunny,25,9,PackWise,Logistics,14252.92,0.0012,0.0441,1.3188,0.0171,1.38,0.001058,,,0.0,0.0,,,1.4011
ORG001,Bengaluru Lab,"Bengaluru, IN",2024-05-17,3212.52,450.87,0.898,32702.64,Petrol,0.0,2.31,0.0,,0.0,0.0,50.0,6823,12.17,100,39.6,69.0,Rainy,91,8,PackWise,Packaging,18210.14,0.0006,0.0,2.48,0.0109,2.4909,0.000365,,,0.0,0.0,,,2.4711
ORG001,Pune HQ,"Pune, IN",2024-07-02,1878.71,545.28,0.795,20139.38,CNG,0.0,2.75,0.0,VEH015,131.22,18.64,43.9,515,21.81,100,35.7,64.3,Sunny,7,9,ABC Plastics,Packaging,9457.97,0.0006,0.05,1.0601,0.0057,1.1158,0.002167,,,0.0,0.0,,,1.1024
ORG001,Hyderabad Warehouse,"Hyderabad, IN",2024-11-25,1693.72,452.15,0.763,18981.97,LPG,46.03,1.51,5.01,,0.0,0.0,58.0,421,7.73,15,41.0,67.5,Cloudy,37,9,ElectroParts,Electronics,6755.03,0.0015,0.0695,0.9473,0.0101,1.0269,0.002439,REC_0812,Optimize HVAC,0.0788,64820.08,6.0,High,1.0418
ORG001,Hyderabad Warehouse,"Hyderabad, IN",2024-09-29,2105.24,80.83,0.77,24134.67,Diesel,48.59,2.68,0.05,VEH009,54.27,6.38,43.5,1106,20.59,5,28.0,47.5,Sunny,30,12,ABC Plastics,Raw material,52703.31,0.0008,0.14730000000000001,1.5588,0.0422,1.7483,0.001581,,,0.0,0.0,,,1.8108
ORG001,Hyderabad Warehouse,"Hyderabad, IN",2024-12-05,2536.26,1115.56,0.772,19604.07,Petrol,0.67,2.31,1.8,,0.0,0.0,56.7,774,17.22,100,17.5,81.6,Cloudy,30,8,PackWise,Packaging,33523.94,0.0006,0.0015,1.0968,0.0201,1.1184,0.001445,,,0.0,0.0,,,1.2641
ORG001,Mumbai Plant,"Mumbai, IN",2024-03-09,10352.52,3932.19,0.833,97624.68,Diesel,29.55,2.68,2.53,VEH017,207.5,27.84,59.3,14133,18.46,15,29.1,61.2,Humid,147,9,GreenSteel Co,Raw material,70655.09,0.0008,0.1538,5.3481,0.0565,5.5584,0.000393,REC_0815,Supplier change,0.8123,18370.33,15.0,High,5.7856
ORG001,Delhi Office,"Delhi, IN",2024-02-03,1386.01,473.29,0.776,12840.49,Petrol,38.82,2.31,0.1,,0.0,0.0,65.2,90,1.74,45,28.2,26.1,Cloudy,42,8,GreenSteel Co,Services,7387.26,0.0004,0.0897,0.7083,0.003,0.801,0.0089,,,0.0,0.0,,,0.7811
ORG001,Delhi Office,"Delhi, IN",2024-09-18,1520.78,489.39,0.86,14778.2,LPG,11.62,1.51,2.49,VEH015,29.35,3.78,40.8,997,14.23,15,33.1,30.9,Humid,49,8,ABC Plastics,Logistics,39204.68,0.0012,0.0276,0.887,0.047,0.9616,0.000964,,,0.0,0.0,,,1.0968
ORG001,Delhi Office,"Delhi, IN",2024-02-22,1684.62,995.21,0.704,16306.81,Petrol,0.0,2.31,0.0,,0.0,0.0,52.6,1070,15.35,60,24.8,29.7,Humid,9,10,ABC Plastics,Logistics,29740.02,0.0012,0.0,0.4853,0.0357,0.521,0.000487,,,0.0,0.0,,,0.5543
ORG001,Pune HQ,"Pune, IN",2024-07-23,2491.99,267.9,0.798,23775.56,Diesel,0.0,2.68,0.0,,0.0,0.0,86.5,1561,22.39,75,22.8,58.6,Sunny,48,9,LogiTrans,Packaging,22339.76,0.0006,0.0,1.7748,0.0134,1.7882,0.001146,REC_0819,Route optimization,0.2233,57186.64,19.0,Medium,1.7592
ORG001,Mumbai Plant,"Mumbai, IN",2024-05-05,8698.65,489.99,0.868,84409.34,Petrol,76.52,2.31,0.84,,0.0,0.0,34.0,13712,19.6,60,24.8,82.7,Rainy,189,8,PackWise,Services,52926.04,0.0004,0.1768,7.1251,0.0212,7.3231,0.000534,,,0.0,0.0,,,7.3398
ORG001,Delhi Office,"Delhi, IN",2024-08-22,2522.28,773.89,0.85,28974.28,CNG,55.06,2.75,0.18,,0.0,0.0,37.0,1299,13.52,100,39.7,79.5,Cloudy,30,9,ABC Plastics,Services,22333.08,0.0004,0.1514,1.4861,0.0089,1.6464,0.001267,,,0.0,0.0,,,1.8443
ORG001,Mumbai Plant,"Mumbai, IN",2024-02-12,7184.87,1131.45,0.853,79155.75,Natural Gas,48.73,2.06,4.6,VEH005,18.44,3.09,33.1,12751,13.54,45,18.1,62.1,Cloudy,186,9,PackWise,Packaging,38830.01,0.0006,0.1087,5.1636,0.0233,5.2956,0.000415,,,0.0,0.0,,,5.3842
ORG001,Hyderabad Warehouse,"Hyderabad, IN",2024-08-27,1412.95,29.47,0.885,10704.1,Petrol,0.0,2.31,0.0,VEH012,162.39,14.37,94.3,822,18.0,15,32.4,34.1,Sunny,31,12,PackWise,Raw material,73503.24,0.0008,0.0385,1.2244,0.0588,1.3217,0.001608,,,0.0,0.0,,,1.4406
ORG001,Delhi Office,"Delhi, IN",2024-04-20,865.79,268.6,0.89,9649.07,Petrol,11.7,2.31,2.22,,0.0,0.0,91.7,1400,4.3,25,32.4,77.3,Sunny,50,8,ElectroParts,Logistics,8594.33,0.0012,0.027,0.5315,0.0103,0.5688,0.000406,,,0.0,0.0,,,0.622
ORG001,Delhi Office,"Delhi, IN",2024-09-05,1755.97,324.06,0.781,12980.14,Diesel,0.0,2.68,0.0,VEH017,202.4,21.05,66.1,1008,19.87,5,31.6,38.8,Sunny,25,9,LogiTrans,Electronics,64601.7,0.0015,0.0564,1.1183,0.0969,1.2716,0.001262,,,0.0,0.0,,,1.3226
ORG001,Pune HQ,"Pune, IN",2024-05-30,1623.54,358.76,0.87,14809.36,Natural Gas,16.17,2.06,4.95,,0.0,0.0,37.0,653,10.11,15,22.4,81.7,Windy,19,9,LogiTrans,Packaging,11420.42,0.0006,0.0333,1.1004,0.0069,1.1406,0.001747,,,0.0,0.0,,,1.1017
ORG001,Mumbai Plant,"Mumbai, IN",2024-07-01,9248.77,1541.45,0.855,79880.2,Petrol,0.0,2.31,0.0,VEH008,72.57,8.5,40.3,21400,12.76,15,24.8,53.4,Cloudy,147,8,ABC Plastics,Raw material,73090.6,0.0008,0.0228,6.5898,0.0585,6.6711,0.000312,,,0.0,0.0,,,6.9239
ORG001,Pune HQ,"Pune, IN",2024-12-01,2630.18,228.13,0.791,25524.86,LPG,0.0,1.51,0.0,VEH006,184.59,17.67,91.1,1042,6.01,60,32.2,29.9,Cloudy,12,9,PackWise,Services,65555.01,0.0004,0.0474,1.9,0.0262,1.9736,0.001894,,,0.0,0.0,,,2.0244
ORG001,Hyderabad Warehouse,"Hyderabad, IN",2024-04-04,2166.74,284.61,0.925,19194.22,CNG,0.0,2.75,0.0,VEH013,219.79,21.0,62.6,1071,13.99,25,31.4,38.4,Windy,20,9,ElectroParts,Raw material,29872.57,0.0008,0.0563,1.741,0.0239,1.8212,0.0017,,,0.0,0.0,,,1.8209
ORG001,Mumbai Plant,"Mumbai, IN",2024-01-08,13042.04,1617.78,0.881,102026.11,Petrol,79.34,2.31,1.99,VEH009,158.57,15.54,45.3,12833,16.99,25,33.8,33.8,Windy,147,8,LogiTrans,Electronics,44780.66,0.0015,0.2249,10.0648,0.0672,10.3569,0.000807,,,0.0,0.0,,,11.7419
ORG001,Pune HQ,"Pune, IN",2024-12-25,2598.35,776.33,0.835,22655.9,Diesel,0.0,2.68,0.0,,0.0,0.0,73.2,261,11.87,75,33.7,70.5,Humid,33,9,GreenSteel Co,Services,3576.12,0.0004,0.0,1.5214,0.0014,1.5228,0.005834,,,0.0,0.0,,,1.7091
ORG001,Hyderabad Warehouse,"Hyderabad, IN",2024-07-02,2965.28,511.75,0.805,30634.11,Petrol,20.13,2.31,0.12,,0.0,0.0,88.3,563,5.8,60,29.1,70.4,Sunny,15,9,LogiTrans,Electronics,15645.22,0.0015,0.0465,1.9751,0.0235,2.0451,0.003633,,,0.0,0.0,,,2.2658
ORG001,Bengaluru Lab,"Bengaluru, IN",2024-10-07,3512.39,1938.02,0.819,47262.93,Petrol,0.0,2.31,0.0,,0.0,0.0,59.6,1659,12.36,60,19.5,42.6,Cloudy,53,10,GreenSteel Co,Raw material,39898.84,0.0008,0.0,1.2894,0.0319,1.3213,0.000796,,,0.0,0.0,,,1.4816
ORG001,Mumbai Plant,"Mumbai, IN",2024-07-13,6641.81,827.07,0.808,62876.84,Diesel,0.0,2.68,0.0,VEH005,64.6,5.82,55.0,14553,2.23,25,28.7,73.6,Sunny,162,10,ABC Plastics,Electronics,3411.94,0.0015,0.0156,4.6983,0.0051,4.719,0.000324,REC_0834,Policy,1.6105,100154.33,5.0,Low,4.6588
ORG001,Pune HQ,"Pune, IN",2024-12-17,1841.58,175.68,0.763,15567.36,Diesel,0.0,2.68,0.0,,0.0,0.0,67.2,732,22.78,15,30.9,70.0,Sunny,12,8,GreenSteel Co,Electronics,9955.55,0.0015,0.0,1.2711,0.0149,1.286,0.001757,,,0.0,0.0,,,1.3531
ORG001,Delhi Office,"Delhi, IN",2024-07-13,1594.96,321.55,0.827,12433.5,LPG,0.0,1.51,0.0,,0.0,0.0,92.2,861,19.13,45,30.5,76.1,Sunny,39,12,ABC Plastics,Packaging,30603.15,0.0006,0.0,1.0531,0.0184,1.0715,0.001244,,,0.0,0.0,,,1.1103
ORG001,Delhi Office,"Delhi, IN",2024-06-03,1914.42,406.81,0.851,21878.47,Petrol,0.0,2.31,0.0,,0.0,0.0,59.2,581,2.91,60,24.3,79.3,Humid,29,9,LogiTrans,Raw material,27812.93,0.0008,0.0,1.283,0.0223,1.3053,0.002247,REC_0837,Optimize HVAC,0.0917,10412.68,24.0,Medium,1.439
ORG001,Delhi Office,"Delhi, IN",2024-04-02,1276.94,222.19,0.769,12211.59,Diesel,24.0,2.68,0.27,,0.0,0.0,74.9,613,18.31,100,28.7,39.2,Humid,14,8,ElectroParts,Services,31646.94,0.0004,0.0643,0.8111,0.0127,0.8881,0.001449,,,0.0,0.0,,,0.8793
ORG001,Delhi Office,"Delhi, IN",2024-06-08,1197.4,162.27,0.88,12050.01,LPG,40.8,1.51,2.95,,0.0,0.0,43.8,401,18.69,75,28.4,68.9,Cloudy,50,9,LogiTrans,Packaging,10581.91,0.0006,0.0616,0.9109,0.0063,0.9788,0.002441,,,0.0,0.0,,,1.0602
ORG001,Pune HQ,"Pune, IN",2024-03-01,1784.12,53.73,0.883,15244.45,Petrol,2.66,2.31,2.47,,0.0,0.0,87.8,809,22.43,45,34.8,69.6,Cloudy,47,9,GreenSteel Co,Logistics,8498.51,0.0012,0.0061,1.5279,0.0102,1.5442,0.001909,,,0.0,0.0,,,1.4843
ORG001,Mumbai Plant,"Mumbai, IN",2024-05-01,5401.94,147.67,0.928,59682.07,CNG,45.97,2.75,2.73,VEH012,10.0,1.54,75.3,18213,8.23,5,25.0,38.4,Rainy,569,10,ElectroParts,Logistics,42971.26,0.0012,0.1305,4.876,0.0516,5.0581,0.000278,,,0.0,0.0,,,5.0502
ORG001,Pune HQ,"Pune, IN",2024-02-20,2085.96,39.72,0.882,18356.19,Natural Gas,0.0,2.06,0.0,,0.0,0.0,83.8,1004,22.96,15,29.9,73.9,Sunny,11,10,ABC Plastics,Logistics,2576.35,0.0012,0.0,1.8048,0.0031,1.8079,0.001801,,,0.0,0.0,,,1.7362
ORG001,Mumbai Plant,"Mumbai, IN",2024-10-03,6559.68,908.62,0.827,54955.86,Diesel,0.0,2.68,0.0,VEH005,90.37,10.34,80.1,14266,0.2,45,25.9,62.9,Sunny,143,8,GreenSteel Co,Electronics,15348.62,0.0015,0.0277,4.6734,0.023,4.7241,0.000331,,,0.0,0.0,,,5.0255
ORG001,Mumbai Plant,"Mumbai, IN",2024-01-05,8521.15,4087.26,0.815,66513.41,LPG,74.49,1.51,0.93,,0.0,0.0,34.1,18469,14.03,75,27.6,62.1,Humid,160,8,ABC Plastics,Packaging,73404.66,0.0006,0.1125,3.6136,0.044,3.7701,0.000204,,,0.0,0.0,,,3.7938
ORG001,Mumbai Plant,"Mumbai, IN",2024-04-01,4268.23,1685.13,0.837,36368.93,Diesel,72.37,2.68,3.44,,0.0,0.0,86.6,16434,8.57,60,28.2,36.0,Humid,318,12,ElectroParts,Services,4059.2,0.0004,0.194,2.1621,0.0016,2.3577,0.000143,,,0.0,0.0,,,2.4193
ORG001,Delhi Office,"Delhi, IN",2024-06-18,1138.69,503.36,0.854,11486.36,CNG,0.0,2.75,0.0,,0.0,0.0,62.1,752,0.25,100,27.2,75.2,Sunny,50,9,LogiTrans,Electronics,9633.6,0.0015,0.0,0.5426,0.0145,0.5571,0.000741,,,0.0,0.0,,,0.6121
ORG001,Hyderabad Warehouse,"Hyderabad, IN",2024-11-12,2288.58,1017.09,0.847,23892.58,Diesel,0.0,2.68,0.0,,0.0,0.0,64.9,1277,22.16,75,22.6,82.1,Sunny,72,12,ElectroParts,Logistics,18504.72,0.0012,0.0,1.077,0.0222,1.0992,0.000861,,,0.0,0.0,,,1.1344
ORG001,Pune HQ,"Pune, IN",2024-01-22,2041.63,275.39,0.795,19877.75,Diesel,0.0,2.68,0.0,,0.0,0.0,64.4,874,1.82,100,29.4,46.9,Rainy,47,9,ElectroParts,Raw material,75805.52,0.0008,0.0,1.4042,0.0606,1.4648,0.001676,REC_0848,Policy,0.3095,45407.32,19.0,Low,1.6246
ORG001,Hyderabad Warehouse,"Hyderabad, IN",2024-11-21,3400.74,447.31,0.763,37029.09,Petrol,23.16,2.31,0.33,,0.0,0.0,30.0,406,18.14,15,17.3,82.2,Sunny,42,9,ABC Plastics,Packaging,8275.01,0.0006,0.0535,2.2535,0.005,2.312,0.005695,,,0.0,0.0,,,2.3259
ORG001,Pune HQ,"Pune, IN",2024-01-01,2795.24,632.26,0.844,21177.88,Diesel,0.0,2.68,0.0,VEH013,127.84,13.81,94.1,1266,8.84,75,24.1,37.4,Humid,88,10,PackWise,Services,19642.95,0.0004,0.037,1.8256,0.0079,1.8705,0.001477,,,0.0,0.0,,,2.0089
ORG001,Delhi Office,"Delhi, IN",2024-05-12,1569.64,401.45,0.838,15024.14,Petrol,0.0,2.31,0.0,,0.0,0.0,77.6,722,21.49,25,32.8,25.6,Cloudy,40,12,PackWise,Electronics,19756.75,0.0015,0.0,0.9789,0.0296,1.0085,0.001397,,,0.0,0.0,,,1.038
ORG001,Pune HQ,"Pune, IN",2024-08-20,1715.14,202.78,0.871,16232.78,Petrol,0.0,2.31,0.0,VEH019,13.48,1.44,73.3,1069,3.51,25,39.5,31.8,Sunny,28,8,ABC Plastics,Logistics,35814.76,0.0012,0.0039,1.3173,0.043,1.3642,0.001276,,,0.0,0.0,,,1.4002
ORG001,Bengaluru Lab,"Bengaluru, IN",2024-01-12,2605.97,422.33,0.825,25812.58,CNG,71.18,2.75,1.15,,0.0,0.0,44.1,4823,10.82,60,29.3,49.8,Rainy,93,12,LogiTrans,Raw material,38171.12,0.0008,0.1957,1.8015,0.0305,2.0277,0.00042,REC_0853,Supplier change,0.3038,35468.9,25.0,Low,2.3277
ORG001,Delhi Office,"Delhi, IN",2024-12-11,1006.63,460.65,0.815,11367.71,Diesel,49.44,2.68,0.88,,0.0,0.0,89.1,1165,23.43,60,31.9,42.3,Windy,60,10,PackWise,Electronics,14611.17,0.0015,0.1325,0.445,0.0219,0.5994,0.000515,,,0.0,0.0,,,0.6287
ORG001,Pune HQ,"Pune, IN",2024-02-15,1520.92,542.21,0.77,15485.11,Diesel,60.54,2.68,1.33,,0.0,0.0,49.2,767,5.96,45,32.4,81.7,Humid,30,8,ElectroParts,Packaging,14292.26,0.0006,0.1622,0.7536,0.0086,0.9244,0.001205,REC_0855,Optimize HVAC,0.2592,15478.33,23.0,High,0.9008
ORG001,Hyderabad Warehouse,"Hyderabad, IN",2024-02-03,2492.13,491.93,0.851,25626.62,Petrol,15.68,2.31,1.02,VEH005,127.45,11.12,87.1,29,6.79,60,29.4,65.4,Humid,40,8,ElectroParts,Services,11156.15,0.0004,0.066,1.7022,0.0045,1.7727,0.061128,,,0.0,0.0,,,1.7396
ORG001,Bengaluru Lab,"Bengaluru, IN",2024-03-18,2420.52,829.76,0.869,26995.35,LPG,0.0,1.51,0.0,,0.0,0.0,78.1,2100,6.18,25,31.6,83.1,Rainy,56,8,GreenSteel Co,Logistics,18130.94,0.0012,0.0,1.3824,0.0218,1.4042,0.000669,,,0.0,0.0,,,1.5505
ORG001,Bengaluru Lab,"Bengaluru, IN",2024-08-05,2939.02,216.54,0.813,30766.37,Petrol,48.19,2.31,1.65,,0.0,0.0,31.3,4961,7.07,5,24.9,62.5,Sunny,108,8,PackWise,Services,28948.85,0.0004,0.1113,2.2134,0.0116,2.3363,0.000471,,,0.0,0.0,,,2.3065
ORG001,Delhi Office,"Delhi, IN",2024-10-27,1585.48,332.08,0.8,14724.15,Diesel,21.9,2.68,2.06,,0.0,0.0,88.5,462,10.58,75,32.6,81.1,Sunny,46,9,ABC Plastics,Raw material,96090.35,0.0008,0.0587,1.0027,0.0769,1.1383,0.002464,,,0.0,0.0,,,1.1209
ORG001,Delhi Office,"Delhi, IN",2024-03-13,1100.81,209.58,0.761,11729.29,Natural Gas,32.81,2.06,0.21,,0.0,0.0,51.3,727,16.0,60,19.0,56.4,Sunny,19,12,ElectroParts,Logistics,43768.93,0.0012,0.0676,0.6782,0.0525,0.7983,0.001098,,,0.0,0.0,,,0.8509
ORG001,Bengaluru Lab,"Bengaluru, IN",2024-10-08,2312.78,218.32,0.84,24065.66,Diesel,12.81,2.68,0.61,,0.0,0.0,57.4,9036,15.64,100,33.2,70.5,Cloudy,270,8,LogiTrans,Logistics,15831.35,0.0012,0.0343,1.7593,0.019,1.8126,0.000201,,,0.0,0.0,,,1.8739
ORG001,Bengaluru Lab,"Bengaluru, IN",2024-09-05,3941.15,346.2,0.709,33179.3,Diesel,7.35,2.68,3.24,VEH006,251.92,24.43,45.7,2335,16.34,15,33.8,27.4,Sunny,70,10,LogiTrans,Logistics,64061.38,0.0012,0.0852,2.5488,0.0769,2.7109,0.001161,,,0.0,0.0,,,3.0883
ORG001,Hyderabad Warehouse,"Hyderabad, IN",2024-02-16,2947.41,346.03,0.763,22722.85,Diesel,0.0,2.68,0.0,VEH012,165.87,14.66,30.4,452,13.32,25,38.0,36.1,Sunny,26,8,ElectroParts,Packaging,35709.09,0.0006,0.0393,1.9849,0.0214,2.0456,0.004526,REC_0863,Optimize HVAC,0.4009,82868.08,5.0,Medium,2.1332
ORG001,Pune HQ,"Pune, IN",2024-04-30,2139.83,482.69,0.799,22479.82,LPG,0.0,1.51,0.0,VEH003,86.06,7.68,30.1,700,2.22,100,27.0,31.8,Cloudy,53,9,LogiTrans,Logistics,68840.67,0.0012,0.0206,1.3241,0.0826,1.4273,0.002039,,,0.0,0.0,,,1.3926
ORG001,Bengaluru Lab,"Bengaluru, IN",2024-08-01,2964.15,471.24,0.749,29403.0,Diesel,0.05,2.68,3.21,VEH018,78.9,8.76,73.9,10208,1.26,25,34.6,67.1,Sunny,208,9,LogiTrans,Logistics,33633.83,0.0012,0.0236,1.8672,0.0404,1.9312,0.000189,,,0.0,0.0,,,1.9265
ORG001,Bengaluru Lab,"Bengaluru, IN",2024-08-26,2692.14,106.56,0.809,28024.16,Diesel,11.65,2.68,2.63,,0.0,0.0,86.0,1831,1.05,75,35.2,56.2,Cloudy,31,8,LogiTrans,Services,11744.47,0.0004,0.0312,2.0917,0.0047,2.1276,0.001162,,,0.0,0.0,,,2.3933
ORG001,Pune HQ,"Pune, IN",2024-02-25,1331.07,174.26,0.829,12280.48,LPG,37.18,1.51,3.03,VEH018,235.0,28.42,51.4,336,12.06,15,28.6,82.4,Windy,4,8,ABC Plastics,Services,82191.66,0.0004,0.1323,0.959,0.0329,1.1242,0.003346,REC_0867,Policy,0.3886,14356.19,25.0,Low,1.1376
ORG001,Bengaluru Lab,"Bengaluru, IN",2024-12-15,4515.51,1843.46,0.784,47255.04,Petrol,0.0,2.31,0.0,,0.0,0.0,87.4,5457,10.79,60,30.5,28.2,Sunny,159,8,GreenSteel Co,Services,13744.33,0.0004,0.0,2.0949,0.0055,2.1004,0.000385,,,0.0,0.0,,,2.3204
ORG001,Mumbai Plant,"Mumbai, IN",2024-04-16,10806.31,3293.29,0.765,89947.99,Diesel,48.37,2.68,2.63,,0.0,0.0,65.5,7965,4.63,100,24.9,26.7,Cloudy,70,10,ElectroParts,Logistics,16413.61,0.0012,0.1296,5.7475,0.0197,5.8968,0.00074,,,0.0,0.0,,,6.1019
ORG001,Delhi Office,"Delhi, IN",2024-11-14,975.24,226.81,0.831,9008.91,LPG,16.67,1.51,4.28,,0.0,0.0,86.9,837,23.87,25,21.3,57.4,Sunny,40,8,GreenSteel Co,Services,48679.92,0.0004,0.0252,0.6219,0.0195,0.6666,0.000796,,,0.0,0.0,,,0.7269
ORG001,Hyderabad Warehouse,"Hyderabad, IN",2024-02-17,2517.73,42.6,0.843,22588.11,Petrol,31.03,2.31,0.71,,0.0,0.0,57.3,1486,0.13,45,26.4,50.4,Rainy,68,8,ElectroParts,Packaging,17064.79,0.0006,0.0717,2.0865,0.0102,2.1684,0.001459,,,0.0,0.0,,,2.3525
ORG001,Delhi Office,"Delhi, IN",2024-03-01,1168.66,404.62,0.861,12402.51,Diesel,0.0,2.68,0.0,,0.0,0.0,55.5,1710,3.59,75,32.6,84.6,Rainy,27,8,ElectroParts,Raw material,74759.23,0.0008,0.0,0.6578,0.0598,0.7176,0.00042,REC_0872,Optimize HVAC,0.0467,39391.05,7.0,Low,0.7636
ORG001,Pune HQ,"Pune, IN",2024-12-02,1696.37,176.92,0.799,20394.7,LPG,0.0,1.51,0.0,,0.0,0.0,52.7,1152,18.79,5,18.6,78.8,Sunny,26,8,ABC Plastics,Raw material,24996.24,0.0008,0.0,1.214,0.02,1.234,0.001071,REC_0873,Policy,0.2678,83230.03,14.0,High,1.2193
ORG001,Pune HQ,"Pune, IN",2024-01-26,2377.75,1177.4,0.873,21656.14,LPG,0.0,1.51,0.0,,0.0,0.0,43.4,1652,17.17,75,18.3,77.8,Sunny,52,9,ABC Plastics,Services,42398.37,0.0004,0.0,1.0479,0.017,1.0649,0.000645,,,0.0,0.0,,,1.1552
ORG001,Mumbai Plant,"Mumbai, IN",2024-10-18,10224.89,1086.85,0.84,93263.79,LPG,18.96,1.51,0.85,,0.0,0.0,50.1,18814,4.82,100,20.9,63.2,Sunny,351,9,LogiTrans,Logistics,23906.28,0.0012,0.0286,7.676,0.0287,7.7333,0.000411,,,0.0,0.0,,,7.575
ORG001,Hyderabad Warehouse,"Hyderabad, IN",2024-09-13,2713.73,1075.66,0.776,30833.5,Diesel,0.0,2.68,0.0,,0.0,0.0,47.5,486,11.87,5,34.3,81.7,Windy,22,9,ElectroParts,Electronics,7820.48,0.0015,0.0,1.2711,0.0117,1.2828,0.00264,,,0.0,0.0,,,1.457
ORG001,Mumbai Plant,"Mumbai, IN",2024-01-08,7006.15,307.4,0.878,71549.01,Petrol,59.1,2.31,0.52,,0.0,0.0,35.5,18672,19.52,60,25.9,57.1,Sunny,133,12,ElectroParts,Raw material,45191.0,0.0008,0.1365,5.8815,0.0362,6.0542,0.000324,,,0.0,0.0,,,6.2633
ORG001,Hyderabad Warehouse,"Hyderabad, IN",2024-04-22,2089.17,300.2,0.841,19814.82,Petrol,0.0,2.31,0.0,VEH016,65.44,5.54,64.5,1413,17.44,25,37.2,54.2,Sunny,52,8,ElectroParts,Packaging,7518.45,0.0006,0.0148,1.5045,0.0045,1.5238,0.001078,,,0.0,0.0,,,1.7484
ORG001,Bengaluru Lab,"Bengaluru, IN",2024-12-20,3172.96,1257.71,0.869,29005.92,Diesel,8.5,2.68,3.77,VEH010,15.25,1.77,83.5,7042,18.69,25,19.9,73.1,Sunny,84,12,PackWise,Logistics,12275.2,0.0012,0.0275,1.6644,0.0147,1.7066,0.000242,REC_0879,Route optimization,0.3611,83393.43,10.0,High,1.6546
ORG001,Mumbai Plant,"Mumbai, IN",2024-09-09,5723.45,255.72,0.878,53202.36,Petrol,0.0,2.31,0.0,,0.0,0.0,93.4,16121,20.92,75,30.8,78.3,Rainy,123,8,PackWise,Packaging,35714.25,0.0006,0.0,4.8007,0.0214,4.8221,0.000299,,,0.0,0.0,,,5.1627
ORG001,Hyderabad Warehouse,"Hyderabad, IN",2024-06-28,2186.73,190.63,0.757,21926.37,Petrol,0.0,2.31,0.0,,0.0,0.0,52.5,1057,1.38,45,32.7,25.8,Cloudy,42,10,PackWise,Raw material,45051.64,0.0008,0.0,1.511,0.036,1.547,0.001464,,,0.0,0.0,,,1.5622
ORG001,Hyderabad Warehouse,"Hyderabad, IN",2024-07-25,2502.58,377.12,0.851,20118.99,CNG,0.0,2.75,0.0,,0.0,0.0,49.3,620,5.88,15,22.9,67.8,Sunny,43,12,ABC Plastics,Logistics,82476.73,0.0012,0.0,1.8088,0.099,1.9078,0.003077,,,0.0,0.0,,,1.9965
ORG001,Mumbai Plant,"Mumbai, IN",2024-10-29,9612.95,2775.15,0.748,107289.38,Diesel,0.0,2.68,0.0,VEH015,84.95,8.67,84.7,13023,3.48,100,30.0,37.9,Humid,114,12,PackWise,Electronics,13582.87,0.0015,0.0232,5.1147,0.0204,5.1583,0.000396,,,0.0,0.0,,,5.6039
ORG001,Mumbai Plant,"Mumbai, IN",2024-05-06,7183.77,521.26,0.806,68902.39,Diesel,76.49,2.68,3.45,VEH015,98.55,10.91,55.3,12683,6.02,100,25.5,37.0,Cloudy,198,9,GreenSteel Co,Packaging,19234.99,0.0006,0.2342,5.37,0.0115,5.6157,0.000443,REC_0884,Route optimization,1.2455,15907.74,7.0,High,5.4142
ORG001,Pune HQ,"Pune, IN",2024-02-25,1625.94,286.33,0.823,14119.0,Diesel,35.85,2.68,1.03,VEH020,28.1,3.84,50.0,233,20.54,45,26.6,26.7,Humid,29,8,GreenSteel Co,Packaging,13287.6,0.0006,0.10640000000000001,1.1025,0.008,1.2169,0.005223,,,0.0,0.0,,,1.3365
ORG001,Mumbai Plant,"Mumbai, IN",2024-08-01,13783.79,1976.37,0.773,117799.95,LPG,0.0,1.51,0.0,VEH011,91.67,11.7,74.1,19866,7.56,45,37.3,70.4,Sunny,108,12,LogiTrans,Electronics,42591.72,0.0015,0.0314,9.1271,0.0639,9.2224,0.000464,,,0.0,0.0,,,10.1271
ORG001,Mumbai Plant,"Mumbai, IN",2024-01-14,5123.54,1166.69,0.888,41359.69,Diesel,42.13,2.68,0.12,,0.0,0.0,81.7,11656,19.59,100,18.5,44.3,Sunny,239,9,GreenSteel Co,Packaging,8202.03,0.0006,0.1129,3.5137,0.0049,3.6315,0.000312,,,0.0,0.0,,,3.6232
ORG001,Pune HQ,"Pune, IN",2024-01-28,2054.67,474.01,0.797,18878.07,Natural Gas,12.2,2.06,2.09,,0.0,0.0,47.2,794,11.17,25,44.2,46.5,Rainy,27,8,ElectroParts,Services,56566.67,0.0004,0.0251,1.2598,0.0226,1.3075,0.001647,REC_0888,Route optimization,0.1795,28030.69,5.0,High,1.2907
ORG001,Delhi Office,"Delhi, IN",2024-03-18,1162.74,237.85,0.887,9759.73,Natural Gas,43.46,2.06,3.65,,0.0,0.0,71.8,877,17.57,45,28.9,42.6,Sunny,36,12,ABC Plastics,Packaging,9563.4,0.0006,0.0895,0.8204,0.0057,0.9156,0.001044,,,0.0,0.0,,,1.0073
ORG001,Hyderabad Warehouse,"Hyderabad, IN",2024-08-03,2006.43,150.22,0.829,19959.88,Diesel,2.81,2.68,2.69,VEH008,105.04,9.87,71.5,950,18.48,25,35.5,42.8,Sunny,40,8,PackWise,Raw material,77622.64,0.0008,0.034,1.5388,0.0621,1.6349,0.001721,,,0.0,0.0,,,1.8034
ORG001,Pune HQ,"Pune, IN",2024-12-30,1809.42,443.17,0.822,13890.84,Petrol,0.0,2.31,0.0,,0.0,0.0,62.1,837,3.08,60,35.5,66.7,Sunny,34,8,LogiTrans,Electronics,4516.52,0.0015,0.0,1.1231,0.0068,1.1299,0.00135,REC_0891,Policy,0.3522,48181.1,18.0,Medium,1.2307
ORG001,Bengaluru Lab,"Bengaluru, IN",2024-06-02,3934.32,712.64,0.92,38760.63,Diesel,0.0,2.68,0.0,VEH008,18.5,1.93,37.7,3914,11.42,100,20.6,74.5,Sunny,65,10,GreenSteel Co,Raw material,48570.55,0.0008,0.0052,2.9639,0.0389,3.008,0.000769,REC_0892,Policy,0.4502,9824.17,15.0,Medium,3.3234
ORG001,Delhi Office,"Delhi, IN",2024-01-14,945.7,194.56,0.775,8534.46,Diesel,0.0,2.68,0.0,,0.0,0.0,89.8,797,17.1,45,23.2,61.1,Windy,15,9,ABC Plastics,Packaging,25187.13,0.0006,0.0,0.5821,0.0151,0.5972,0.000749,REC_0893,Optimize HVAC,0.0853,86343.64,15.0,High,0.6214
ORG001,Hyderabad Warehouse,"Hyderabad, IN",2024-07-05,3018.95,340.96,0.852,29826.4,Diesel,0.0,2.68,0.0,,0.0,0.0,55.8,810,2.66,45,25.4,61.0,Humid,49,12,PackWise,Services,32162.33,0.0004,0.0,2.2816,0.0129,2.2945,0.002833,REC_0894,Route optimization,0.4615,59080.36,5.0,Medium,2.4673
ORG001,Pune HQ,"Pune, IN",2024-11-07,990.1,499.94,0.76,11339.49,Diesel,20.52,2.68,3.51,,0.0,0.0,45.1,1174,1.91,60,24.8,57.4,Rainy,68,9,PackWise,Logistics,34382.43,0.0012,0.055,0.3725,0.0413,0.4688,0.000399,,,0.0,0.0,,,0.4523
ORG001,Hyderabad Warehouse,"Hyderabad, IN",2024-01-07,2802.08,149.27,0.859,23693.81,Natural Gas,24.05,2.06,0.05,VEH006,61.08,5.8,51.2,1539,12.94,60,41.5,57.6,Cloudy,20,9,LogiTrans,Services,21443.18,0.0004,0.065,2.2788,0.0086,2.3524,0.001529,,,0.0,0.0,,,2.6526
ORG001,Hyderabad Warehouse,"Hyderabad, IN",2024-01-03,2925.87,1295.69,0.823,27469.29,Diesel,9.66,2.68,3.16,,0.0,0.0,82.1,427,6.03,5,22.8,50.6,Sunny,52,8,LogiTrans,Logistics,62125.65,0.0012,0.0259,1.3416,0.0746,1.4421,0.003377,REC_0897,Retrofit,0.1795,34978.87,1.0,Medium,1.5534
ORG001,Bengaluru Lab,"Bengaluru, IN",2024-04-20,4007.23,94.72,0.828,30185.72,Natural Gas,10.0,2.06,0.07,,0.0,0.0,50.8,8362,17.12,25,24.8,25.3,Windy,105,12,GreenSteel Co,Electronics,87781.4,0.0015,0.0206,3.2396,0.1317,3.3919,0.000406,REC_0898,Optimize HVAC,1.1863,20115.35,1.0,Low,3.6577
ORG001,Bengaluru Lab,"Bengaluru, IN",2024-08-25,3730.68,696.6,0.831,32575.13,Diesel,0.0,2.68,0.0,VEH017,144.53,14.69,59.7,7529,16.84,25,26.8,53.9,Humid,72,8,PackWise,Electronics,50242.2,0.0015,0.0394,2.5213,0.0754,2.6361,0.00035,REC_0899,Policy,0.5481,12733.63,15.0,Medium,2.7058
ORG001,Hyderabad Warehouse,"Hyderabad, IN",2024-12-28,2538.51,124.56,0.752,19272.1,Petrol,37.22,2.31,2.66,,0.0,0.0,93.1,699,0.66,15,30.9,41.5,Cloudy,34,8,LogiTrans,Electronics,26694.38,0.0015,0.086,1.8153,0.04,1.9413,0.002777,,,0.0,0.0,,,1.9741
ORG001,Mumbai Plant,"Mumbai, IN",2024-08-26,11609.97,4563.58,0.755,123943.84,Natural Gas,0.0,2.06,0.0,,0.0,0.0,44.9,17028,13.0,5,27.1,72.5,Sunny,713,8,ABC Plastics,Raw material,54253.3,0.0008,0.0,5.32,0.0434,5.3634,0.000315,,,0.0,0.0,,,5.78
ORG001,Pune HQ,"Pune, IN",2024-09-30,1510.07,288.79,0.836,15378.3,LPG,35.53,1.51,2.41,VEH013,140.63,13.32,46.2,698,18.32,5,31.6,52.5,Cloudy,7,8,ElectroParts,Electronics,2638.33,0.0015,0.08940000000000001,1.021,0.004,1.1144,0.001597,,,0.0,0.0,,,1.2415
ORG001,Bengaluru Lab,"Bengaluru, IN",2024-10-20,4146.28,124.8,0.8,47116.82,Diesel,0.0,2.68,0.0,VEH008,118.76,12.37,41.3,1580,18.65,60,22.8,74.8,Sunny,33,8,GreenSteel Co,Services,1434.23,0.0004,0.0332,3.2172,0.0006,3.251,0.002058,REC_0903,Route optimization,0.436,58530.76,15.0,High,3.7248
ORG001,Pune HQ,"Pune, IN",2024-08-14,2449.3,356.44,0.755,22052.7,Petrol,0.0,2.31,0.0,VEH012,148.79,17.46,73.1,883,11.98,25,14.6,55.1,Cloudy,13,8,ABC Plastics,Raw material,61291.01,0.0008,0.0468,1.5801,0.049,1.6759,0.001898,,,0.0,0.0,,,1.837
ORG001,Delhi Office,"Delhi, IN",2024-01-15,1644.97,409.04,0.81,17587.22,LPG,23.29,1.51,1.73,,0.0,0.0,49.5,1215,10.39,75,27.5,64.6,Sunny,41,10,LogiTrans,Electronics,1441.11,0.0015,0.0352,1.0011,0.0022,1.0385,0.000855,,,0.0,0.0,,,0.994
ORG001,Pune HQ,"Pune, IN",2024-07-10,1965.45,119.68,0.828,20119.21,Petrol,14.77,2.31,9.89,VEH020,94.13,7.77,58.2,823,2.03,25,20.3,39.5,Rainy,20,9,PackWise,Packaging,1608.7,0.0006,0.0549,1.5283,0.001,1.5842,0.001925,,,0.0,0.0,,,1.5766
ORG001,Mumbai Plant,"Mumbai, IN",2024-04-28,7267.25,2593.21,0.944,84332.97,Petrol,0.0,2.31,0.0,,0.0,0.0,69.3,10395,20.18,75,35.9,50.3,Rainy,97,9,ElectroParts,Raw material,13054.59,0.0008,0.0,4.4123,0.0104,4.4227,0.000425,,,0.0,0.0,,,4.3646
ORG001,Pune HQ,"Pune, IN",2024-01-28,1800.66,316.64,0.936,13106.61,Petrol,0.0,2.31,0.0,,0.0,0.0,93.1,206,16.59,75,36.8,83.2,Sunny,14,9,ABC Plastics,Electronics,7190.77,0.0015,0.0,1.389,0.0108,1.3998,0.006795,,,0.0,0.0,,,1.4118
ORG001,Mumbai Plant,"Mumbai, IN",2024-07-20,10963.89,1881.85,0.821,93594.29,Petrol,0.0,2.31,0.0,,0.0,0.0,31.6,16025,14.87,60,18.0,30.5,Sunny,197,12,GreenSteel Co,Packaging,29480.74,0.0006,0.0,7.4564,0.0177,7.4741,0.000466,,,0.0,0.0,,,7.1952
ORG001,Bengaluru Lab,"Bengaluru, IN",2024-02-08,3399.89,1048.42,0.772,24729.74,Natural Gas,5.38,2.06,0.76,,0.0,0.0,40.2,6511,7.41,15,40.0,44.0,Sunny,62,12,LogiTrans,Electronics,39955.0,0.0015,0.0111,1.8153,0.0599,1.8863,0.00029,REC_0910,Policy,0.4436,107488.33,16.0,Medium,1.9499
ORG001,Bengaluru Lab,"Bengaluru, IN",2024-09-29,3528.53,417.12,0.772,37165.79,Diesel,0.0,2.68,0.0,VEH012,121.85,9.91,80.6,1922,9.42,75,29.7,80.3,Humid,40,10,ABC Plastics,Electronics,36000.67,0.0015,0.0266,2.402,0.054,2.4826,0.001292,,,0.0,0.0,,,2.5061
ORG001,Pune HQ,"Pune, IN",2024-08-18,1873.46,104.3,0.776,16837.92,Diesel,70.85,2.68,1.36,,0.0,0.0,65.6,431,1.6,5,35.4,66.9,Sunny,5,8,ABC Plastics,Services,26386.27,0.0004,0.1899,1.3729,0.0106,1.5734,0.003651,,,0.0,0.0,,,1.5101
ORG001,Pune HQ,"Pune, IN",2024-03-26,1345.97,328.33,0.777,11966.81,LPG,16.41,1.51,0.72,,0.0,0.0,73.6,0,22.84,45,20.7,69.8,Sunny,44,8,ElectroParts,Logistics,4928.43,0.0012,0.0248,0.7907,0.0059,0.8214,0.0,,,0.0,0.0,,,0.8714
ORG001,Bengaluru Lab,"Bengaluru, IN",2024-05-05,3401.26,95.02,0.833,29615.13,Petrol,47.07,2.31,1.64,VEH012,138.29,12.91,85.8,6646,19.26,25,15.4,26.4,Cloudy,299,10,ElectroParts,Packaging,11665.76,0.0006,0.1433,2.7541,0.007,2.9044,0.000437,,,0.0,0.0,,,2.8561
ORG001,Mumbai Plant,"Mumbai, IN",2024-10-26,10709.49,2583.16,0.786,104297.89,Diesel,14.69,2.68,0.53,,0.0,0.0,62.6,15909,16.76,25,30.2,57.0,Humid,327,12,ABC Plastics,Electronics,2383.36,0.0015,0.0394,6.3873,0.0036,6.4303,0.000404,,,0.0,0.0,,,6.3649
ORG001,Hyderabad Warehouse,"Hyderabad, IN",2024-01-25,3077.13,454.25,0.865,36120.63,Natural Gas,25.22,2.06,5.63,,0.0,0.0,93.0,1358,17.81,25,29.8,25.9,Sunny,22,10,ElectroParts,Electronics,7328.24,0.0015,0.052,2.2688,0.011,2.3318,0.001717,,,0.0,0.0,,,2.439
ORG001,Pune HQ,"Pune, IN",2024-05-24,2711.72,388.76,0.83,30531.7,Diesel,1.74,2.68,5.79,VEH018,82.07,7.46,71.1,1328,18.32,5,37.6,42.6,Sunny,83,9,LogiTrans,Services,1335.84,0.0004,0.0247,1.9281,0.0005,1.9533,0.001471,,,0.0,0.0,,,2.2194
ORG001,Mumbai Plant,"Mumbai, IN",2024-01-13,10113.66,1307.56,0.768,61157.76,Diesel,36.07,2.68,6.83,VEH020,134.86,17.3,73.6,17794,0.88,60,32.9,71.4,Humid,151,8,ABC Plastics,Logistics,18590.37,0.0012,0.1431,6.7631,0.0223,6.9285,0.000389,REC_0918,Route optimization,2.0014,41799.06,22.0,High,6.6795
ORG001,Delhi Office,"Delhi, IN",2024-07-30,1107.25,587.59,0.81,13736.89,Petrol,0.0,2.31,0.0,,0.0,0.0,58.8,1629,5.31,15,27.3,61.9,Sunny,45,9,ABC Plastics,Electronics,16789.86,0.0015,0.0,0.4209,0.0252,0.4461,0.000274,REC_0919,Route optimization,0.0976,22572.32,13.0,Medium,0.4879
ORG001,Delhi Office,"Delhi, IN",2024-01-25,1084.8,226.55,0.679,11392.95,Diesel,0.0,2.68,0.0,,0.0,0.0,33.9,435,21.3,45,23.5,78.3,Sunny,22,10,LogiTrans,Packaging,52429.47,0.0006,0.0,0.5828,0.0315,0.6143,0.001412,REC_0920,Retrofit,0.1541,106205.42,10.0,Low,0.6953
ORG001,Pune HQ,"Pune, IN",2024-03-08,2339.6,373.74,0.809,15142.0,Diesel,0.0,2.68,0.0,,0.0,0.0,48.4,634,14.95,25,23.7,55.2,Sunny,16,9,ElectroParts,Packaging,3473.66,0.0006,0.0,1.5904,0.0021,1.5925,0.002512,,,0.0,0.0,,,1.6899
ORG001,Hyderabad Warehouse,"Hyderabad, IN",2024-03-07,3759.41,111.51,0.826,37355.05,Petrol,0.0,2.31,0.0,,0.0,0.0,34.5,890,9.5,15,21.7,29.7,Sunny,20,8,GreenSteel Co,Logistics,64007.54,0.0012,0.0,3.0132,0.0768,3.09,0.003472,,,0.0,0.0,,,3.1005
ORG001,Delhi Office,"Delhi, IN",2024-08-20,1109.48,217.38,0.795,8474.94,Diesel,15.74,2.68,0.94,VEH020,321.79,24.32,58.0,524,3.03,45,17.5,79.9,Cloudy,41,10,ElectroParts,Electronics,24463.85,0.0015,0.1074,0.7092,0.0367,0.8533,0.001628,,,0.0,0.0,,,0.9116
ORG001,Delhi Office,"Delhi, IN",2024-04-18,800.98,305.35,0.767,7006.16,Petrol,16.7,2.31,0.02,,0.0,0.0,89.8,886,17.49,5,22.5,37.5,Sunny,18,8,ElectroParts,Raw material,63805.91,0.0008,0.0386,0.3801,0.051,0.4697,0.00053,,,0.0,0.0,,,0.4947
ORG001,Bengaluru Lab,"Bengaluru, IN",2024-05-25,4365.74,684.1,0.846,43599.25,Diesel,0.97,2.68,5.32,,0.0,0.0,73.8,6557,21.19,5,18.1,25.0,Humid,196,9,ABC Plastics,Raw material,49278.57,0.0008,0.0026,3.1147,0.0394,3.1567,0.000481,,,0.0,0.0,,,3.2529
ORG001,Delhi Office,"Delhi, IN",2024-04-20,1415.07,85.1,0.812,13607.13,Diesel,7.34,2.68,0.25,,0.0,0.0,69.1,368,14.24,75,25.3,77.9,Rainy,25,9,GreenSteel Co,Packaging,3623.71,0.0006,0.0197,1.0799,0.0022,1.1018,0.002994,,,0.0,0.0,,,1.1362
ORG001,Pune HQ,"Pune, IN",2024-08-15,1916.08,499.37,0.803,13835.37,Diesel,0.86,2.68,3.45,,0.0,0.0,60.2,427,7.72,5,27.7,82.6,Humid,14,9,PackWise,Services,33338.73,0.0004,0.0023,1.1376,0.0133,1.1532,0.002701,,,0.0,0.0,,,1.1578
ORG001,Hyderabad Warehouse,"Hyderabad, IN",2024-04-20,1713.9,781.35,0.818,18894.97,Diesel,5.77,2.68,3.39,VEH015,187.76,18.58,91.5,582,17.39,5,25.5,83.2,Windy,26,8,GreenSteel Co,Services,39788.7,0.0004,0.0653,0.7628,0.0159,0.844,0.00145,,,0.0,0.0,,,0.9236
ORG001,Delhi Office,"Delhi, IN",2024-02-03,1490.47,143.57,0.846,13931.87,LPG,0.0,1.51,0.0,,0.0,0.0,77.1,1227,14.98,60,29.5,27.7,Sunny,28,9,ElectroParts,Logistics,19667.65,0.0012,0.0,1.1395,0.0236,1.1631,0.000948,,,0.0,0.0,,,1.1707
ORG001,Bengaluru Lab,"Bengaluru, IN",2024-04-20,4004.67,735.82,0.778,43994.79,Diesel,23.35,2.68,3.82,,0.0,0.0,57.2,7029,0.6,60,18.7,50.8,Humid,45,9,LogiTrans,Services,4455.49,0.0004,0.0626,2.5432,0.0018,2.6076,0.000371,,,0.0,0.0,,,2.8087
ORG001,Bengaluru Lab,"Bengaluru, IN",2024-09-20,3356.58,756.41,0.865,31865.58,CNG,0.0,2.75,0.0,VEH011,14.53,1.47,67.2,5530,1.02,15,28.7,47.2,Windy,155,9,GreenSteel Co,Electronics,60334.23,0.0015,0.0039,2.2492,0.0905,2.3436,0.000424,REC_0931,Supplier change,0.5055,60353.12,6.0,Medium,2.5871
ORG001,Delhi Office,"Delhi, IN",2024-08-23,1869.14,89.97,0.828,18733.28,Natural Gas,0.0,2.06,0.0,,0.0,0.0,63.8,1020,23.51,15,22.5,69.2,Sunny,10,8,ElectroParts,Packaging,23.47,0.0006,0.0,1.4731,0.0,1.4731,0.001444,REC_0932,Route optimization,0.3616,68920.32,7.0,Medium,1.5505
ORG001,Pune HQ,"Pune, IN",2024-03-23,2732.28,321.22,0.848,29689.48,Diesel,60.92,2.68,3.83,,0.0,0.0,73.3,62,19.53,75,29.4,27.5,Sunny,30,8,ElectroParts,Packaging,25846.45,0.0006,0.1633,2.0446,0.0155,2.2234,0.035861,REC_0933,Route optimization,0.4555,88133.94,9.0,High,2.1691
ORG001,Bengaluru Lab,"Bengaluru, IN",2024-02-11,3896.41,180.81,0.804,36491.09,LPG,0.0,1.51,0.0,,0.0,0.0,70.7,1645,3.2,60,36.6,47.7,Sunny,65,8,ElectroParts,Services,26631.28,0.0004,0.0,2.9873,0.0107,2.998,0.001822,,,0.0,0.0,,,2.9788
ORG001,Delhi Office,"Delhi, IN",2024-04-10,923.82,42.69,0.774,9176.64,CNG,0.0,2.75,0.0,,0.0,0.0,58.2,344,14.5,15,24.2,66.8,Sunny,40,10,ElectroParts,Electronics,18972.65,0.0015,0.0,0.682,0.0285,0.7105,0.002065,REC_0935,Retrofit,0.1377,63361.01,8.0,High,0.7241
ORG001,Bengaluru Lab,"Bengaluru, IN",2024-01-06,3521.21,990.47,0.814,33162.56,Petrol,8.31,2.31,2.04,,0.0,0.0,73.6,1309,0.11,45,19.9,40.5,Cloudy,37,9,ElectroParts,Packaging,2608.13,0.0006,0.0192,2.06,0.0016,2.0808,0.00159,,,0.0,0.0,,,2.3638
ORG001,Pune HQ,"Pune, IN",2024-06-28,2014.06,247.33,0.877,16478.15,Petrol,0.0,2.31,0.0,,0.0,0.0,86.2,1194,17.59,60,19.5,29.4,Humid,49,8,PackWise,Raw material,66071.09,0.0008,0.0,1.5494,0.0529,1.6023,0.001342,REC_0937,Optimize HVAC,0.4144,60408.15,16.0,Medium,1.7906
ORG001,Mumbai Plant,"Mumbai, IN",2024-10-08,4675.95,830.69,0.905,40897.0,Diesel,29.08,2.68,3.15,VEH012,277.55,31.16,91.0,16343,7.54,100,23.8,32.7,Windy,196,8,LogiTrans,Raw material,36879.9,0.0008,0.1614,3.48,0.0295,3.6709,0.000225,,,0.0,0.0,,,3.6893
ORG001,Delhi Office,"Delhi, IN",2024-11-15,1062.33,304.99,0.757,8528.22,Diesel,21.14,2.68,0.6,,0.0,0.0,85.9,313,23.7,75,21.5,42.2,Rainy,23,8,PackWise,Services,855.26,0.0004,0.0567,0.5733,0.0003,0.6303,0.002014,,,0.0,0.0,,,0.625
ORG001,Delhi Office,"Delhi, IN",2024-08-13,1556.32,409.7,0.805,12567.47,Diesel,8.53,2.68,1.42,,0.0,0.0,55.5,646,1.04,100,26.7,26.5,Sunny,23,9,LogiTrans,Raw material,47951.53,0.0008,0.0229,0.923,0.0384,0.9843,0.001524,,,0.0,0.0,,,0.9962
ORG001,Pune HQ,"Pune, IN",2024-11-10,1611.58,64.49,0.876,13629.76,Diesel,0.0,2.68,0.0,,0.0,0.0,83.6,1135,3.55,25,35.8,33.6,Sunny,24,10,ElectroParts,Electronics,57333.15,0.0015,0.0,1.3552,0.086,1.4412,0.00127,,,0.0,0.0,,,1.5664
ORG001,Hyderabad Warehouse,"Hyderabad, IN",2024-12-30,2519.98,305.87,0.794,28155.3,Diesel,31.28,2.68,1.57,,0.0,0.0,50.1,425,20.37,5,23.5,44.6,Cloudy,38,9,LogiTrans,Services,3741.68,0.0004,0.0838,1.758,0.0015,1.8433,0.004337,REC_0942,Retrofit,0.1363,111832.32,8.0,Medium,2.0691
ORG001,Bengaluru Lab,"Bengaluru, IN",2024-08-16,3178.05,347.38,0.815,27162.45,LPG,22.29,1.51,3.36,,0.0,0.0,77.0,7235,23.27,25,29.0,55.9,Sunny,68,8,ElectroParts,Logistics,3036.56,0.0012,0.0337,2.307,0.0036,2.3443,0.000324,,,0.0,0.0,,,2.5039
ORG001,Hyderabad Warehouse,"Hyderabad, IN",2024-10-15,1968.3,247.85,0.804,22281.31,Diesel,0.0,2.68,0.0,,0.0,0.0,62.3,1063,14.25,25,33.5,76.0,Cloudy,48,10,ABC Plastics,Services,31368.32,0.0004,0.0,1.3832,0.0125,1.3957,0.001313,REC_0944,Route optimization,0.1449,27633.43,1.0,High,1.4157
ORG001,Mumbai Plant,"Mumbai, IN",2024-05-29,6567.8,2314.9,0.857,64575.66,Petrol,0.0,2.31,0.0,,0.0,0.0,51.5,14220,3.98,5,21.5,76.2,Cloudy,87,12,PackWise,Logistics,25919.42,0.0012,0.0,3.6447,0.0311,3.6758,0.000258,,,0.0,0.0,,,4.1539
ORG001,Delhi Office,"Delhi, IN",2024-10-03,1421.82,118.2,0.764,15809.69,Diesel,0.0,2.68,0.0,VEH017,43.48,4.06,76.3,489,15.39,60,31.0,29.3,Sunny,9,9,ElectroParts,Electronics,55006.08,0.0015,0.0109,0.996,0.0825,1.0894,0.002228,,,0.0,0.0,,,1.0612
ORG001,Mumbai Plant,"Mumbai, IN",2024-07-16,6065.61,1234.71,0.812,52027.24,Petrol,57.51,2.31,0.23,,0.0,0.0,54.6,12624,17.75,45,38.0,35.8,Sunny,167,8,GreenSteel Co,Logistics,48121.32,0.0012,0.1328,3.9227,0.0577,4.1132,0.000326,,,0.0,0.0,,,4.1393
ORG001,Mumbai Plant,"Mumbai, IN",2024-03-10,9028.39,1665.67,0.895,102381.0,Diesel,60.38,2.68,2.0,,0.0,0.0,31.2,15602,19.05,45,22.3,49.6,Windy,273,10,ABC Plastics,Services,17436.98,0.0004,0.1618,6.5896,0.007,6.7584,0.000433,REC_0948,Supplier change,0.7175,89622.23,21.0,High,7.5164
ORG001,Mumbai Plant,"Mumbai, IN",2024-04-21,8137.3,2135.11,0.823,74744.03,CNG,0.0,2.75,0.0,,0.0,0.0,66.8,8783,17.26,25,27.2,59.8,Sunny,122,9,ABC Plastics,Logistics,6390.3,0.0012,0.0,4.9398,0.0077,4.9475,0.000563,REC_0949,Supplier change,0.5193,48234.57,1.0,Medium,5.6425
ORG001,Bengaluru Lab,"Bengaluru, IN",2024-01-04,4899.62,245.12,0.804,50852.17,Petrol,0.0,2.31,0.0,,0.0,0.0,80.1,7654,16.1,60,27.3,35.6,Cloudy,72,10,ABC Plastics,Electronics,28997.17,0.0015,0.0,3.7422,0.0435,3.7857,0.000495,,,0.0,0.0,,,4.2474
ORG001,Bengaluru Lab,"Bengaluru, IN",2024-12-15,2275.51,343.67,0.792,23324.02,CNG,12.83,2.75,0.41,,0.0,0.0,63.9,5197,21.93,75,25.1,65.2,Rainy,75,9,LogiTrans,Electronics,18772.82,0.0015,0.0353,1.53,0.0282,1.5935,0.000307,REC_0951,Route optimization,0.4369,40272.76,16.0,High,1.8005
ORG001,Delhi Office,"Delhi, IN",2024-11-26,1926.63,500.11,0.765,18492.53,Diesel,0.0,2.68,0.0,,0.0,0.0,53.9,857,4.39,60,37.7,65.5,Sunny,26,8,GreenSteel Co,Electronics,5429.01,0.0015,0.0,1.0913,0.0081,1.0994,0.001283,,,0.0,0.0,,,1.142
ORG001,Mumbai Plant,"Mumbai, IN",2024-11-13,7586.7,1048.05,0.783,67600.39,Natural Gas,32.81,2.06,1.1,,0.0,0.0,63.7,9990,4.39,60,33.7,40.6,Humid,71,10,GreenSteel Co,Electronics,8037.99,0.0015,0.0676,5.1198,0.0121,5.1995,0.00052,,,0.0,0.0,,,5.0305
ORG001,Mumbai Plant,"Mumbai, IN",2024-12-15,8088.64,1403.51,0.829,67472.81,CNG,29.58,2.75,0.24,,0.0,0.0,59.0,14480,16.53,45,22.6,59.5,Sunny,359,8,ElectroParts,Services,6859.77,0.0004,0.0813,5.542,0.0027,5.626,0.000389,,,0.0,0.0,,,5.4603
ORG001,Delhi Office,"Delhi, IN",2024-04-04,743.15,18.18,0.763,5267.44,Diesel,0.0,2.68,0.0,,0.0,0.0,73.2,1308,10.23,45,26.8,45.8,Cloudy,47,10,PackWise,Raw material,5427.52,0.0008,0.0,0.5532,0.0043,0.5575,0.000426,REC_0955,Supplier change,0.0841,37867.38,1.0,Low,0.5752
ORG001,Hyderabad Warehouse,"Hyderabad, IN",2024-05-31,2541.11,804.79,0.744,30746.41,Diesel,16.56,2.68,7.5,,0.0,0.0,78.5,1078,2.77,75,22.8,54.1,Sunny,56,8,GreenSteel Co,Services,14946.16,0.0004,0.0444,1.2918,0.006,1.3422,0.001245,,,0.0,0.0,,,1.3499
ORG001,Mumbai Plant,"Mumbai, IN",2024-11-06,5728.82,811.11,0.804,58590.55,Diesel,76.35,2.68,6.39,,0.0,0.0,45.6,12023,21.31,45,33.3,79.2,Sunny,245,10,GreenSteel Co,Services,9212.54,0.0004,0.2046,3.9538,0.0037,4.1621,0.000346,,,0.0,0.0,,,4.3817
ORG001,Mumbai Plant,"Mumbai, IN",2024-05-16,5090.16,1539.9,0.834,43891.8,CNG,16.36,2.75,1.63,,0.0,0.0,87.5,11975,6.49,75,28.4,34.3,Windy,184,10,LogiTrans,Electronics,10950.27,0.0015,0.045,2.9609,0.0164,3.0223,0.000252,REC_0958,Retrofit,0.2787,56904.42,27.0,High,3.1122
ORG001,Pune HQ,"Pune, IN",2024-09-03,1305.22,178.53,0.842,11771.98,Diesel,16.52,2.68,1.83,,0.0,0.0,33.0,1326,8.88,100,26.8,45.1,Windy,19,8,ElectroParts,Electronics,4861.6,0.0015,0.0443,0.9487,0.0073,1.0003,0.000754,,,0.0,0.0,,,1.1184
ORG001,Pune HQ,"Pune, IN",2024-08-30,1473.24,219.84,0.732,11790.88,Diesel,15.79,2.68,4.41,VEH011,61.78,5.21,60.8,1208,20.27,5,21.5,72.4,Humid,50,9,GreenSteel Co,Electronics,21969.3,0.0015,0.056299999999999996,0.9175,0.033,1.0068,0.000833,,,0.0,0.0,,,0.9794
ORG001,Pune HQ,"Pune, IN",2024-01-31,1607.87,174.53,0.812,13146.82,Diesel,0.0,2.68,0.0,,0.0,0.0,87.8,1703,22.75,100,31.0,39.5,Sunny,60,9,ElectroParts,Packaging,51097.95,0.0006,0.0,1.1639,0.0307,1.1946,0.000701,,,0.0,0.0,,,1.2312
ORG001,Hyderabad Warehouse,"Hyderabad, IN",2024-02-09,3068.31,390.67,0.823,28189.21,Natural Gas,8.82,2.06,2.26,,0.0,0.0,46.2,1421,14.56,100,26.7,63.5,Cloudy,68,8,ElectroParts,Packaging,31640.79,0.0006,0.0182,2.2037,0.019,2.2409,0.001577,REC_0962,Retrofit,0.5617,10622.43,23.0,Medium,2.2231
ORG001,Mumbai Plant,"Mumbai, IN",2024-08-16,11880.51,2361.66,0.817,124028.34,Natural Gas,46.42,2.06,0.61,,0.0,0.0,31.1,16237,15.7,100,27.0,37.2,Humid,290,12,LogiTrans,Services,39575.63,0.0004,0.0956,7.7769,0.0158,7.8883,0.000486,,,0.0,0.0,,,7.5228
ORG001,Bengaluru Lab,"Bengaluru, IN",2024-02-05,3576.43,1964.98,0.801,31057.98,Diesel,8.18,2.68,7.7,,0.0,0.0,67.3,3685,23.02,100,15.8,65.3,Rainy,166,8,PackWise,Logistics,7178.13,0.0012,0.0219,1.2908,0.0086,1.3213,0.000359,REC_0964,Policy,0.2592,18409.22,7.0,High,1.2555
ORG001,Hyderabad Warehouse,"Hyderabad, IN",2024-08-10,2390.79,652.65,0.808,23964.79,Petrol,28.94,2.31,2.06,VEH008,190.02,16.99,49.1,0,21.14,60,19.6,53.1,Cloudy,13,8,LogiTrans,Services,22903.46,0.0004,0.1124,1.4044,0.0092,1.526,0.0,,,0.0,0.0,,,1.5276
ORG001,Hyderabad Warehouse,"Hyderabad, IN",2024-01-06,2200.69,49.49,0.824,14704.82,Natural Gas,0.0,2.06,0.0,,0.0,0.0,73.6,337,15.4,75,34.7,80.3,Cloudy,30,9,LogiTrans,Logistics,3296.78,0.0012,0.0,1.7726,0.004,1.7766,0.005272,,,0.0,0.0,,,1.8421
ORG001,Bengaluru Lab,"Bengaluru, IN",2024-11-17,4431.4,667.01,0.801,32652.5,Diesel,18.65,2.68,4.57,VEH010,153.78,15.53,83.7,6064,17.52,15,22.1,76.3,Rainy,67,9,LogiTrans,Logistics,5238.62,0.0012,0.0916,3.0153,0.0063,3.1132,0.000513,REC_0967,Optimize HVAC,0.1854,56823.02,15.0,High,3.1634
ORG001,Bengaluru Lab,"Bengaluru, IN",2024-08-07,3253.08,2146.78,0.867,25985.66,Diesel,1.03,2.68,1.78,VEH016,178.93,17.74,73.9,3138,2.72,100,21.6,41.6,Humid,53,10,LogiTrans,Electronics,6475.99,0.0015,0.0503,0.9592,0.0097,1.0192,0.000325,,,0.0,0.0,,,1.0474
ORG001,Hyderabad Warehouse,"Hyderabad, IN",2024-03-15,3437.3,971.1,0.789,30431.12,Petrol,0.0,2.31,0.0,,0.0,0.0,85.9,770,23.82,25,15.9,70.4,Sunny,40,8,LogiTrans,Services,24493.07,0.0004,0.0,1.9458,0.0098,1.9556,0.00254,,,0.0,0.0,,,2.0779
ORG001,Delhi Office,"Delhi, IN",2024-01-04,1525.47,5.25,0.907,11948.05,Diesel,0.0,2.68,0.0,,0.0,0.0,61.1,1332,20.62,75,29.4,47.0,Cloudy,24,8,LogiTrans,Packaging,18729.22,0.0006,0.0,1.3788,0.0112,1.39,0.001044,,,0.0,0.0,,,1.5065
ORG001,Mumbai Plant,"Mumbai, IN",2024-11-30,9093.01,267.68,0.754,102256.33,Natural Gas,32.33,2.06,0.39,,0.0,0.0,47.8,16228,8.95,25,35.1,38.9,Humid,100,9,ABC Plastics,Services,320.03,0.0004,0.0666,6.6543,0.0001,6.721,0.000414,,,0.0,0.0,,,6.7982
ORG001,Pune HQ,"Pune, IN",2024-05-13,3066.63,917.64,0.857,24437.21,Diesel,0.0,2.68,0.0,,0.0,0.0,43.1,1316,5.03,45,32.1,76.3,Windy,56,9,ElectroParts,Electronics,81486.32,0.0015,0.0,1.8417,0.1222,1.9639,0.001492,,,0.0,0.0,,,2.177
ORG001,Bengaluru Lab,"Bengaluru, IN",2024-04-27,1800.04,161.61,0.89,16910.0,LPG,0.0,1.51,0.0,VEH013,232.38,20.35,88.4,7542,10.4,15,19.8,82.0,Humid,76,10,LogiTrans,Logistics,48880.1,0.0012,0.0545,1.4582,0.0587,1.5714,0.000208,REC_0973,Route optimization,0.3887,33819.55,4.0,High,1.677
ORG001,Delhi Office,"Delhi, IN",2024-04-03,1276.34,158.16,0.881,15485.45,Natural Gas,0.0,2.06,0.0,,0.0,0.0,81.1,1035,2.93,45,25.0,57.0,Cloudy,61,10,LogiTrans,Raw material,8825.35,0.0008,0.0,0.9851,0.0071,0.9922,0.000959,,,0.0,0.0,,,1.1348
ORG001,Pune HQ,"Pune, IN",2024-03-02,2019.37,406.15,0.888,16672.23,Diesel,0.0,2.68,0.0,,0.0,0.0,82.4,868,1.5,45,22.7,49.9,Cloudy,47,8,LogiTrans,Raw material,934.88,0.0008,0.0,1.4325,0.0007,1.4332,0.001651,,,0.0,0.0,,,1.4666
ORG001,Bengaluru Lab,"Bengaluru, IN",2024-07-12,3630.37,418.7,0.804,32746.91,Petrol,0.0,2.31,0.0,VEH012,162.47,12.71,91.1,6493,3.33,25,33.1,71.6,Rainy,82,10,PackWise,Packaging,922.42,0.0006,0.0341,2.5822,0.0006,2.6169,0.000403,,,0.0,0.0,,,2.5821
ORG001,Pune HQ,"Pune, IN",2024-11-30,2115.37,56.44,0.911,19766.96,Diesel,39.3,2.68,0.03,VEH016,176.65,19.44,48.9,330,16.04,45,16.1,63.6,Cloudy,41,10,GreenSteel Co,Logistics,38014.31,0.0012,0.1574,1.8757,0.0456,2.0787,0.006299,REC_0977,Policy,0.4951,5026.69,9.0,High,2.2071
ORG001,Delhi Office,"Delhi, IN",2024-07-21,1708.19,441.44,0.762,14963.82,CNG,0.0,2.75,0.0,,0.0,0.0,41.7,1057,6.71,75,31.7,41.2,Windy,74,8,ElectroParts,Packaging,39269.28,0.0006,0.0,0.9653,0.0236,0.9889,0.000936,,,0.0,0.0,,,1.1051
ORG001,Delhi Office,"Delhi, IN",2024-01-26,1827.98,745.44,0.744,14312.14,Natural Gas,8.65,2.06,0.58,,0.0,0.0,42.5,394,7.66,75,39.7,65.2,Cloudy,19,8,ElectroParts,Packaging,5372.48,0.0006,0.0178,0.8054,0.0032,0.8264,0.002097,,,0.0,0.0,,,0.8486
ORG001,Hyderabad Warehouse,"Hyderabad, IN",2024-06-21,2138.22,453.89,0.867,20709.92,CNG,0.0,2.75,0.0,,0.0,0.0,39.3,994,6.72,45,32.0,51.9,Sunny,18,12,GreenSteel Co,Raw material,62924.42,0.0008,0.0,1.4603,0.0503,1.5106,0.00152,,,0.0,0.0,,,1.6354
ORG001,Mumbai Plant,"Mumbai, IN",2024-10-26,5048.64,1713.94,0.929,48250.53,Diesel,52.26,2.68,0.07,VEH020,230.36,27.91,83.8,16616,16.24,25,38.4,43.1,Sunny,90,8,ElectroParts,Logistics,61294.73,0.0012,0.2149,3.0979,0.0736,3.3864,0.000204,,,0.0,0.0,,,3.4868
ORG001,Hyderabad Warehouse,"Hyderabad, IN",2024-05-12,2403.19,269.66,0.694,22026.77,Diesel,0.0,2.68,0.0,,0.0,0.0,76.5,1255,6.38,25,29.6,35.1,Humid,23,8,GreenSteel Co,Raw material,62335.01,0.0008,0.0,1.4807,0.0499,1.5306,0.00122,,,0.0,0.0,,,1.7224
ORG001,Hyderabad Warehouse,"Hyderabad, IN",2024-11-21,1902.51,201.13,0.803,19527.42,Natural Gas,11.02,2.06,1.59,VEH017,125.75,13.23,76.4,921,22.24,60,30.5,49.1,Sunny,57,8,GreenSteel Co,Logistics,19889.6,0.0012,0.0582,1.3662,0.0239,1.4483,0.001573,,,0.0,0.0,,,1.4718
ORG001,Hyderabad Warehouse,"Hyderabad, IN",2024-04-27,2761.21,243.15,0.809,25868.92,Natural Gas,44.46,2.06,3.21,,0.0,0.0,80.1,1684,11.98,100,27.4,68.6,Sunny,25,8,ABC Plastics,Raw material,65073.65,0.0008,0.0916,2.0371,0.0521,2.1808,0.001295,,,0.0,0.0,,,2.3155
ORG001,Bengaluru Lab,"Bengaluru, IN",2024-11-19,4086.87,6.36,0.79,36008.65,Natural Gas,0.0,2.06,0.0,,0.0,0.0,36.3,13652,21.52,15,21.2,40.2,Rainy,101,10,PackWise,Packaging,36925.61,0.0006,0.0,3.2236,0.0222,3.2458,0.000238,,,0.0,0.0,,,3.173
ORG001,Pune HQ,"Pune, IN",2024-10-01,2289.97,690.9,0.829,25186.91,Petrol,37.75,2.31,1.92,,0.0,0.0,38.8,491,4.44,5,28.2,32.2,Cloudy,35,8,PackWise,Raw material,41058.19,0.0008,0.0872,1.3256,0.0328,1.4456,0.002944,REC_0986,Policy,0.0753,47822.24,21.0,Medium,1.549
ORG001,Delhi Office,"Delhi, IN",2024-07-30,1504.41,496.55,0.767,13309.91,Natural Gas,0.0,2.06,0.0,,0.0,0.0,72.9,696,23.38,60,27.6,77.3,Rainy,27,8,GreenSteel Co,Raw material,81647.02,0.0008,0.0,0.773,0.0653,0.8383,0.001204,REC_0987,Retrofit,0.2636,147799.25,1.0,High,0.8721
ORG001,Bengaluru Lab,"Bengaluru, IN",2024-08-12,3449.79,1619.72,0.847,41366.26,Natural Gas,10.24,2.06,1.52,,0.0,0.0,72.5,2077,10.24,60,27.0,45.5,Sunny,60,8,ElectroParts,Logistics,8060.33,0.0012,0.0211,1.5501,0.0097,1.5809,0.000761,REC_0988,Route optimization,0.2543,14851.23,16.0,High,1.5955
ORG001,Pune HQ,"Pune, IN",2024-01-20,2810.08,460.82,0.938,25393.45,Petrol,0.0,2.31,0.0,,0.0,0.0,71.9,421,5.05,45,27.2,61.8,Sunny,36,12,PackWise,Electronics,14975.3,0.0015,0.0,2.2036,0.0225,2.2261,0.005288,,,0.0,0.0,,,2.4142
ORG001,Mumbai Plant,"Mumbai, IN",2024-04-22,10334.92,2280.15,0.784,92386.34,LPG,0.0,1.51,0.0,,0.0,0.0,57.7,12204,22.37,15,25.9,43.8,Cloudy,198,10,PackWise,Logistics,30848.23,0.0012,0.0,6.3149,0.037,6.3519,0.00052,,,0.0,0.0,,,7.1319
ORG001,Hyderabad Warehouse,"Hyderabad, IN",2024-05-19,1225.44,355.39,0.816,12417.96,Diesel,0.0,2.68,0.0,,0.0,0.0,51.1,407,7.77,60,33.0,26.2,Sunny,4,10,LogiTrans,Packaging,29506.08,0.0006,0.0,0.71,0.0177,0.7277,0.001788,,,0.0,0.0,,,0.8207
ORG001,Mumbai Plant,"Mumbai, IN",2024-02-16,5602.19,1914.46,0.944,51264.68,Diesel,0.0,2.68,0.0,,0.0,0.0,49.9,18539,18.62,100,27.6,49.7,Sunny,291,9,LogiTrans,Raw material,54775.92,0.0008,0.0,3.4812,0.0438,3.525,0.00019,,,0.0,0.0,,,3.7204
ORG001,Bengaluru Lab,"Bengaluru, IN",2024-01-01,1865.51,320.69,0.777,18383.05,Natural Gas,34.7,2.06,0.91,VEH003,67.11,5.78,73.4,4386,13.32,5,15.1,51.7,Sunny,80,8,ElectroParts,Logistics,21914.28,0.0012,0.087,1.2003,0.0263,1.3136,0.000299,REC_0993,Supplier change,0.113,66570.68,3.0,High,1.2603
ORG001,Delhi Office,"Delhi, IN",2024-03-30,1459.81,339.91,0.776,9719.25,Petrol,2.9,2.31,2.45,,0.0,0.0,82.0,417,4.41,100,26.2,30.5,Sunny,33,8,ElectroParts,Raw material,70219.81,0.0008,0.0067,0.869,0.0562,0.9319,0.002235,,,0.0,0.0,,,1.0639
ORG001,Delhi Office,"Delhi, IN",2024-05-21,1298.28,133.84,0.797,9489.43,CNG,0.0,2.75,0.0,,0.0,0.0,85.6,637,15.99,75,37.8,31.8,Rainy,46,9,GreenSteel Co,Electronics,22401.85,0.0015,0.0,0.9281,0.0336,0.9617,0.00151,,,0.0,0.0,,,1.0305
ORG001,Pune HQ,"Pune, IN",2024-11-15,1785.72,291.7,0.867,16327.27,Petrol,39.52,2.31,2.73,VEH006,61.57,4.88,90.3,603,11.54,60,27.8,26.7,Rainy,55,9,ABC Plastics,Electronics,39970.03,0.0015,0.1044,1.2953,0.06,1.4597,0.002421,,,0.0,0.0,,,1.5555
ORG001,Hyderabad Warehouse,"Hyderabad, IN",2024-02-07,1649.94,168.82,0.769,16042.03,Petrol,48.53,2.31,1.92,VEH016,228.77,20.85,30.8,633,4.36,25,28.3,25.8,Sunny,25,9,GreenSteel Co,Packaging,14230.57,0.0006,0.168,1.139,0.0085,1.3155,0.002078,,,0.0,0.0,,,1.5108
ORG001,Pune HQ,"Pune, IN",2024-10-19,1618.1,401.54,0.837,11560.58,Petrol,32.66,2.31,4.28,,0.0,0.0,92.2,1151,17.54,100,28.0,47.2,Cloudy,56,9,ABC Plastics,Raw material,23776.9,0.0008,0.0754,1.0183,0.019,1.1127,0.000967,,,0.0,0.0,,,1.2673
ORG001,Bengaluru Lab,"Bengaluru, IN",2024-05-18,2704.52,151.77,0.925,26561.67,Diesel,45.04,2.68,0.89,VEH010,36.68,3.19,78.0,4896,8.03,45,26.2,69.8,Sunny,72,9,ElectroParts,Services,48823.15,0.0004,0.1292,2.3613,0.0195,2.51,0.000513,,,0.0,0.0,,,2.7645
